id,location,date,new_cases,total_cases,new_deaths,total_deaths
1610,Alabama,2020-04-01,1108,1108,28,28
3260,Alabama,2020-05-01,7294,8402,289,317
4965,Alabama,2020-06-01,18534,26936,646,963
6615,Alabama,2020-07-01,38962,65898,972,1935
8320,Alabama,2020-08-01,89349,155247,1603,3538
10025,Alabama,2020-09-01,127616,282863,2200,5738
11675,Alabama,2020-10-01,155744,438607,2548,8286
13380,Alabama,2020-11-01,193985,632592,2973,11259
15030,Alabama,2020-12-01,252900,885492,3638,14897
16735,Alabama,2021-01-01,365747,1251239,4872,19769
18440,Alabama,2021-02-01,460860,1712099,7688,27457
19980,Alabama,2021-03-01,493769,2205868,9931,37388
21685,Alabama,2021-04-01,515866,2721734,10553,47941
23335,Alabama,2021-05-01,528309,3250043,10913,58854
25040,Alabama,2021-06-01,544045,3794088,11156,70010
26690,Alabama,2021-07-01,550983,4345071,11352,81362
28395,Alabama,2021-08-01,587405,4932476,11536,92898
1611,Alaska,2020-04-01,143,143,2,2
3261,Alaska,2020-05-01,362,505,7,9
4966,Alaska,2020-06-01,476,981,8,17
6616,Alaska,2020-07-01,1174,2155,12,29
8321,Alaska,2020-08-01,3825,5980,22,51
10026,Alaska,2020-09-01,6109,12089,36,87
11676,Alaska,2020-10-01,8838,20927,53,140
13381,Alaska,2020-11-01,16597,37524,78,218
15031,Alaska,2020-12-01,32911,70435,116,334
16736,Alaska,2021-01-01,46740,117175,198,532
18441,Alaska,2021-02-01,54091,171266,253,785
19981,Alaska,2021-03-01,58229,229495,289,1074
21686,Alaska,2021-04-01,62785,292280,299,1373
23336,Alaska,2021-05-01,67598,359878,330,1703
25041,Alaska,2021-06-01,69737,429615,352,2055
26691,Alaska,2021-07-01,70669,500284,360,2415
28396,Alaska,2021-08-01,74853,575137,372,2787
33,Arizona,2020-02-01,1,1,0,0
241,Arizona,2020-03-01,1,2,0,0
1612,Arizona,2020-04-01,1413,1415,29,29
3262,Arizona,2020-05-01,7962,9377,330,359
4967,Arizona,2020-06-01,20123,29500,918,1277
6617,Arizona,2020-07-01,84152,113652,1726,3003
8322,Arizona,2020-08-01,177019,290671,3753,6756
10027,Arizona,2020-09-01,202375,493046,5048,11804
11677,Arizona,2020-10-01,219214,712260,5674,17478
13382,Arizona,2020-11-01,247484,959744,5981,23459
15032,Arizona,2020-12-01,338254,1297998,6692,30151
16737,Arizona,2021-01-01,530267,1828265,9015,39166
18442,Arizona,2021-02-01,762458,2590723,13124,52290
19982,Arizona,2021-03-01,818268,3408991,15979,68269
21687,Arizona,2021-04-01,842200,4251191,16977,85246
23337,Arizona,2021-05-01,863571,5114762,17338,102584
25042,Arizona,2021-06-01,881454,5996216,17628,120212
26692,Arizona,2021-07-01,895347,6891563,17939,138151
28397,Arizona,2021-08-01,929541,7821104,18251,156402
1613,Arkansas,2020-04-01,624,624,10,10
3263,Arkansas,2020-05-01,3310,3934,64,74
4968,Arkansas,2020-06-01,7443,11377,133,207
6618,Arkansas,2020-07-01,21197,32574,277,484
8323,Arkansas,2020-08-01,43173,75747,458,942
10028,Arkansas,2020-09-01,61497,137244,814,1756
11678,Arkansas,2020-10-01,84821,222065,1384,3140
13383,Arkansas,2020-11-01,113057,335122,1958,5098
15033,Arkansas,2020-12-01,159309,494431,2512,7610
16738,Arkansas,2021-01-01,229442,723873,3711,11321
18443,Arkansas,2021-02-01,296494,1020367,4895,16216
19983,Arkansas,2021-03-01,322509,1342876,5250,21466
21688,Arkansas,2021-04-01,330609,1673485,5636,27102
23338,Arkansas,2021-05-01,335968,2009453,5741,32843
25043,Arkansas,2021-06-01,341450,2350903,5834,38677
26693,Arkansas,2021-07-01,350085,2700988,5909,44586
28398,Arkansas,2021-08-01,388436,3089424,6157,50743
34,California,2020-02-01,3,3,0,0
242,California,2020-03-01,33,36,0,0
1614,California,2020-04-01,9857,9893,212,212
3264,California,2020-05-01,52318,62211,2147,2359
4969,California,2020-06-01,115643,177854,4287,6646
6619,California,2020-07-01,239764,417618,6168,12814
8324,California,2020-08-01,509507,927125,9365,22179
10029,California,2020-09-01,716630,1643755,13149,35328
11679,California,2020-10-01,824307,2468062,15989,51317
13384,California,2020-11-01,938897,3406959,17671,68988
15034,California,2020-12-01,1253905,4660864,19327,88315
16739,California,2021-01-01,2345811,7006675,26236,114551
18444,California,2021-02-01,3341656,10348331,41284,155835
19984,California,2021-03-01,3573775,13922106,52487,208322
21689,California,2021-04-01,3671690,17593796,59396,267718
23339,California,2021-05-01,3743780,21337576,61853,329571
25044,California,2021-06-01,3791188,25128764,63260,392831
26694,California,2021-07-01,3866606,28995370,63709,456540
28399,California,2021-08-01,4040811,33036181,64417,520957
1615,Colorado,2020-04-01,3346,3346,80,80
3265,Colorado,2020-05-01,15661,19007,818,898
4970,Colorado,2020-06-01,26563,45570,1458,2356
6620,Colorado,2020-07-01,33012,78582,1697,4053
8325,Colorado,2020-08-01,47357,125939,1846,5899
10030,Colorado,2020-09-01,58118,184057,1953,7852
11680,Colorado,2020-10-01,71723,255780,2064,9916
13385,Colorado,2020-11-01,110640,366420,2312,12228
15035,Colorado,2020-12-01,238779,605199,3136,15364
16740,Colorado,2021-01-01,338357,943556,4936,20300
18445,Colorado,2021-02-01,399384,1342940,5737,26037
19985,Colorado,2021-03-01,432186,1775126,6046,32083
21690,Colorado,2021-04-01,466368,2241494,6183,38266
23340,Colorado,2021-05-01,515125,2756619,6434,44700
25045,Colorado,2021-06-01,546596,3303215,6723,51423
26695,Colorado,2021-07-01,561460,3864675,6952,58375
28400,Colorado,2021-08-01,578713,4443388,7097,65472
1616,Connecticut,2020-04-01,3557,3557,85,85
3266,Connecticut,2020-05-01,28764,32321,2339,2424
4971,Connecticut,2020-06-01,42740,75061,3964,6388
6621,Connecticut,2020-07-01,46572,121633,4324,10712
8326,Connecticut,2020-08-01,49810,171443,4432,15144
10031,Connecticut,2020-09-01,53006,224449,4466,19610
11681,Connecticut,2020-10-01,57742,282191,4511,24121
13386,Connecticut,2020-11-01,71207,353398,4616,28737
15036,Connecticut,2020-12-01,118754,472152,5040,33777
16741,Connecticut,2021-01-01,185708,657860,5995,39772
18446,Connecticut,2021-02-01,253954,911814,7119,46891
19986,Connecticut,2021-03-01,282626,1194440,7651,54542
21691,Connecticut,2021-04-01,312468,1506908,7900,62442
23341,Connecticut,2021-05-01,339233,1846141,8097,70539
25046,Connecticut,2021-06-01,347563,2193704,8244,78783
26696,Connecticut,2021-07-01,349387,2543091,8279,87062
28401,Connecticut,2021-08-01,354335,2897426,8293,95355
1617,Delaware,2020-04-01,368,368,11,11
3267,Delaware,2020-05-01,4918,5286,159,170
4972,Delaware,2020-06-01,9605,14891,368,538
6622,Delaware,2020-07-01,11510,26401,509,1047
8327,Delaware,2020-08-01,14877,41278,585,1632
10032,Delaware,2020-09-01,17535,58813,605,2237
11682,Delaware,2020-10-01,20787,79600,636,2873
13387,Delaware,2020-11-01,25126,104726,710,3583
15037,Delaware,2020-12-01,36343,141069,777,4360
16742,Delaware,2021-01-01,58064,199133,930,5290
18447,Delaware,2021-02-01,78495,277628,1101,6391
19987,Delaware,2021-03-01,87080,364708,1422,7813
21692,Delaware,2021-04-01,95188,459896,1559,9372
23342,Delaware,2021-05-01,104621,564517,1626,10998
25047,Delaware,2021-06-01,108894,673411,1661,12659
26697,Delaware,2021-07-01,109770,783181,1694,14353
28402,Delaware,2021-08-01,111563,894744,1833,16186
1618,District of Columbia,2020-04-01,586,586,11,11
3268,District of Columbia,2020-05-01,4658,5244,231,242
4973,District of Columbia,2020-06-01,8857,14101,468,710
6623,District of Columbia,2020-07-01,10365,24466,553,1263
8328,District of Columbia,2020-08-01,12205,36671,585,1848
10033,District of Columbia,2020-09-01,14049,50720,607,2455
11683,District of Columbia,2020-10-01,15358,66078,628,3083
13388,District of Columbia,2020-11-01,17369,83447,646,3729
15038,District of Columbia,2020-12-01,21685,105132,685,4414
16743,District of Columbia,2021-01-01,29252,134384,788,5202
18448,District of Columbia,2021-02-01,37008,171392,916,6118
19988,District of Columbia,2021-03-01,40684,212076,1019,7137
21693,District of Columbia,2021-04-01,44656,256732,1066,8203
23343,District of Columbia,2021-05-01,47800,304532,1106,9309
25048,District of Columbia,2021-06-01,49000,353532,1134,10443
26698,District of Columbia,2021-07-01,49362,402894,1141,11584
28403,District of Columbia,2021-08-01,50398,453292,1149,12733
243,Florida,2020-03-01,2,2,0,0
1619,Florida,2020-04-01,7769,7771,100,100
3269,Florida,2020-05-01,34720,42491,1313,1413
4974,Florida,2020-06-01,56822,99313,2459,3872
6624,Florida,2020-07-01,158989,258302,3549,7421
8329,Florida,2020-08-01,480020,738322,7021,14442
10034,Florida,2020-09-01,631032,1369354,11373,25815
11684,Florida,2020-10-01,709136,2078490,14443,40258
13389,Florida,2020-11-01,807404,2885894,16788,57046
15039,Florida,2020-12-01,1008158,3894052,18678,75724
16744,Florida,2021-01-01,1323307,5217359,21672,97396
18449,Florida,2021-02-01,1727099,6944458,26684,124080
19989,Florida,2021-03-01,1910913,8855371,30998,155078
21694,Florida,2021-04-01,2064517,10919888,33493,188571
23344,Florida,2021-05-01,2238929,13158817,35238,223809
25049,Florida,2021-06-01,2326747,15485564,36868,260677
26699,Florida,2021-07-01,2331916,17817480,37913,298590
28404,Florida,2021-08-01,2590699,20408179,39079,337669
1620,Georgia,2020-04-01,4747,4747,154,154
3270,Georgia,2020-05-01,26436,31183,1153,1307
4975,Georgia,2020-06-01,45757,76940,2057,3364
6625,Georgia,2020-07-01,79589,156529,2779,6143
8330,Georgia,2020-08-01,174834,331363,3744,9887
10035,Georgia,2020-09-01,256544,587907,5604,15491
11685,Georgia,2020-10-01,303010,890917,6903,22394
13390,Georgia,2020-11-01,373700,1264617,7792,30186
15040,Georgia,2020-12-01,458985,1723602,9253,39439
16745,Georgia,2021-01-01,654950,2378552,10610,50049
18450,Georgia,2021-02-01,888462,3267014,13821,63870
19990,Georgia,2021-03-01,983879,4250893,16834,80704
21695,Georgia,2021-04-01,1036700,5287593,18536,99240
23345,Georgia,2021-05-01,1077047,6364640,19586,118826
25050,Georgia,2021-06-01,1099410,7464050,20181,139007
26700,Georgia,2021-07-01,1110606,8574656,20734,159741
28405,Georgia,2021-08-01,1153494,9728150,20978,180719
1621,Guam,2020-04-01,147,147,3,3
3271,Guam,2020-05-01,1115,1262,6,9
4976,Guam,2020-06-01,1144,2406,6,15
6626,Guam,2020-07-01,1240,3646,6,21
8331,Guam,2020-08-01,1328,4974,6,27
10036,Guam,2020-09-01,2416,7390,14,41
11686,Guam,2020-10-01,3519,10909,50,91
13391,Guam,2020-11-01,5659,16568,80,171
15041,Guam,2020-12-01,7858,24426,113,284
16746,Guam,2021-01-01,8295,32721,123,407
18451,Guam,2021-02-01,8577,41298,130,537
19991,Guam,2021-03-01,8706,50004,132,669
21696,Guam,2021-04-01,8779,58783,135,804
23346,Guam,2021-05-01,8944,67727,137,941
25051,Guam,2021-06-01,9142,76869,140,1081
26701,Guam,2021-07-01,9335,86204,141,1222
28406,Guam,2021-08-01,9510,95714,144,1366
1622,Hawaii,2020-04-01,258,258,1,1
3272,Hawaii,2020-05-01,610,868,16,17
4977,Hawaii,2020-06-01,642,1510,17,34
6627,Hawaii,2020-07-01,909,2419,18,52
8332,Hawaii,2020-08-01,2174,4593,25,77
10037,Hawaii,2020-09-01,8628,13221,73,150
11687,Hawaii,2020-10-01,12660,25881,138,288
13392,Hawaii,2020-11-01,15287,41168,218,506
15042,Hawaii,2020-12-01,18049,59217,242,748
16747,Hawaii,2021-01-01,21736,80953,287,1035
18452,Hawaii,2021-02-01,25870,106823,407,1442
19992,Hawaii,2021-03-01,27499,134322,436,1878
21697,Hawaii,2021-04-01,29888,164210,460,2338
23347,Hawaii,2021-05-01,32882,197092,480,2818
25052,Hawaii,2021-06-01,35090,232182,497,3315
26702,Hawaii,2021-07-01,36435,268617,515,3830
28407,Hawaii,2021-08-01,41090,309707,534,4364
1623,Idaho,2020-04-01,669,669,9,9
3273,Idaho,2020-05-01,2035,2704,63,72
4978,Idaho,2020-06-01,2908,5612,83,155
6628,Idaho,2020-07-01,6379,11991,92,247
8333,Idaho,2020-08-01,21231,33222,197,444
10038,Idaho,2020-09-01,32703,65925,370,814
11688,Idaho,2020-10-01,42915,108840,473,1287
13393,Idaho,2020-11-01,65272,174112,631,1918
15043,Idaho,2020-12-01,103642,277754,966,2884
16748,Idaho,2021-01-01,141388,419142,1438,4322
18453,Idaho,2021-02-01,163291,582433,1737,6059
19993,Idaho,2021-03-01,171618,754051,1869,7928
21698,Idaho,2021-04-01,181023,935074,1967,9895
23348,Idaho,2021-05-01,187728,1122802,2048,11943
25053,Idaho,2021-06-01,192378,1315180,2092,14035
26703,Idaho,2021-07-01,195166,1510346,2156,16191
28408,Idaho,2021-08-01,200564,1710910,2199,18390
35,Illinois,2020-02-01,2,2,0,0
244,Illinois,2020-03-01,3,5,0,0
1624,Illinois,2020-04-01,6978,6983,146,146
3274,Illinois,2020-05-01,56055,63038,2464,2610
4979,Illinois,2020-06-01,121666,184704,5458,8068
6629,Illinois,2020-07-01,145541,330245,7160,15228
8334,Illinois,2020-08-01,182232,512477,7707,22935
10039,Illinois,2020-09-01,239115,751592,8299,31234
11689,Illinois,2020-10-01,299111,1050703,8956,40190
13394,Illinois,2020-11-01,424860,1475563,10091,50281
15044,Illinois,2020-12-01,740510,2216073,13175,63456
16749,Illinois,2021-01-01,966287,3182360,17979,81435
18454,Illinois,2021-02-01,1131212,4313572,21273,102708
19994,Illinois,2021-03-01,1191207,5504779,22759,125467
21699,Illinois,2021-04-01,1251829,6756608,23601,149068
23349,Illinois,2021-05-01,1341493,8098101,24330,173398
25054,Illinois,2021-06-01,1386620,9484721,25233,198631
26704,Illinois,2021-07-01,1396270,10880991,25687,224318
28409,Illinois,2021-08-01,1423590,12304581,25916,250234
1625,Indiana,2020-04-01,2578,2578,80,80
3275,Indiana,2020-05-01,18941,21519,1175,1255
4980,Indiana,2020-06-01,35684,57203,2142,3397
6630,Indiana,2020-07-01,47116,104319,2650,6047
8335,Indiana,2020-08-01,68773,173092,2971,9018
10040,Indiana,2020-09-01,96988,270080,3312,12330
11690,Indiana,2020-10-01,123459,393539,3645,15975
13395,Indiana,2020-11-01,184589,578128,4364,20339
15045,Indiana,2020-12-01,347097,925225,5864,26203
16750,Indiana,2021-01-01,520750,1445975,8371,34574
18455,Indiana,2021-02-01,631502,2077477,9989,44563
19995,Indiana,2021-03-01,665422,2742899,12595,57158
21700,Indiana,2021-04-01,691001,3433900,13048,70206
23350,Indiana,2021-05-01,724895,4158795,13338,83544
25055,Indiana,2021-06-01,747549,4906344,13628,97172
26705,Indiana,2021-07-01,757671,5664015,13855,111027
28410,Indiana,2021-08-01,774662,6438677,14005,125032
1626,Iowa,2020-04-01,549,549,9,9
3276,Iowa,2020-05-01,7883,8432,170,179
4981,Iowa,2020-06-01,19789,28221,558,737
6631,Iowa,2020-07-01,29618,57839,717,1454
8336,Iowa,2020-08-01,45293,103132,874,2328
10041,Iowa,2020-09-01,65846,168978,1125,3453
11691,Iowa,2020-10-01,90483,259461,1366,4819
13396,Iowa,2020-11-01,131097,390558,1733,6552
15046,Iowa,2020-12-01,233062,623620,2449,9001
16751,Iowa,2021-01-01,282980,906600,3898,12899
18456,Iowa,2021-02-01,320187,1226787,4906,17805
19996,Iowa,2021-03-01,336890,1563677,5472,23277
21701,Iowa,2021-04-01,352137,1915814,5751,29028
23351,Iowa,2021-05-01,365228,2281042,5952,34980
25056,Iowa,2021-06-01,371473,2652515,6057,41037
26706,Iowa,2021-07-01,373960,3026475,6140,47177
28411,Iowa,2021-08-01,379797,3406272,6183,53360
1627,Kansas,2020-04-01,489,489,11,11
3277,Kansas,2020-05-01,4510,4999,136,147
4982,Kansas,2020-06-01,10103,15102,217,364
6632,Kansas,2020-07-01,15142,30244,280,644
8337,Kansas,2020-08-01,28147,58391,358,1002
10042,Kansas,2020-09-01,43491,101882,454,1456
11692,Kansas,2020-10-01,61103,162985,678,2134
13397,Kansas,2020-11-01,86809,249794,1029,3163
15047,Kansas,2020-12-01,160718,410512,1560,4723
16752,Kansas,2021-01-01,230352,640864,2879,7602
18457,Kansas,2021-02-01,279587,920451,3809,11411
19997,Kansas,2021-03-01,297436,1217887,4743,16154
21702,Kansas,2021-04-01,304685,1522572,4913,21067
23352,Kansas,2021-05-01,311213,1833785,5025,26092
25057,Kansas,2021-06-01,315863,2149648,5115,31207
26707,Kansas,2021-07-01,319626,2469274,5189,36396
28412,Kansas,2021-08-01,334159,2803433,5294,41690
1628,Kentucky,2020-04-01,674,674,20,20
3278,Kentucky,2020-05-01,4879,5553,248,268
4983,Kentucky,2020-06-01,10150,15703,445,713
6633,Kentucky,2020-07-01,16114,31817,597,1310
8338,Kentucky,2020-08-01,31612,63429,758,2068
10043,Kentucky,2020-09-01,51762,115191,983,3051
11693,Kentucky,2020-10-01,73619,188810,1225,4276
13398,Kentucky,2020-11-01,110600,299410,1554,5830
15048,Kentucky,2020-12-01,187285,486695,2097,7927
16753,Kentucky,2021-01-01,269470,756165,2956,10883
18458,Kentucky,2021-02-01,368623,1124788,3995,14878
19998,Kentucky,2021-03-01,408854,1533642,4802,19680
21703,Kentucky,2021-04-01,431160,1964802,6172,25852
23353,Kentucky,2021-05-01,448026,2412828,6631,32483
25058,Kentucky,2021-06-01,460454,2873282,7109,39592
26708,Kentucky,2021-07-01,466106,3339388,7269,46861
28413,Kentucky,2021-08-01,483719,3823107,7378,54239
1629,Louisiana,2020-04-01,6424,6424,275,275
3279,Louisiana,2020-05-01,28754,35178,1970,2245
4984,Louisiana,2020-06-01,40452,75630,2801,5046
6634,Louisiana,2020-07-01,60286,135916,3238,8284
8339,Louisiana,2020-08-01,116394,252310,3949,12233
10044,Louisiana,2020-09-01,149583,401893,4984,17217
11694,Louisiana,2020-10-01,168009,569902,5519,22736
13399,Louisiana,2020-11-01,187720,757622,5926,28662
15049,Louisiana,2020-12-01,237740,995362,6455,35117
16754,Louisiana,2021-01-01,315275,1310637,7488,42605
18459,Louisiana,2021-02-01,401591,1712228,8912,51517
19999,Louisiana,2021-03-01,430504,2142732,9628,61145
21704,Louisiana,2021-04-01,445469,2588201,10161,71306
23354,Louisiana,2021-05-01,458581,3046782,10382,81688
25059,Louisiana,2021-06-01,471663,3518445,10592,92280
26709,Louisiana,2021-07-01,482035,4000480,10748,103028
28414,Louisiana,2021-08-01,541679,4542159,10999,114027
1630,Maine,2020-04-01,344,344,7,7
3280,Maine,2020-05-01,1123,1467,55,62
4985,Maine,2020-06-01,2349,3816,89,151
6635,Maine,2020-07-01,3294,7110,105,256
8340,Maine,2020-08-01,3937,11047,123,379
10045,Maine,2020-09-01,4548,15595,132,511
11695,Maine,2020-10-01,5431,21026,142,653
13400,Maine,2020-11-01,6715,27741,147,800
15050,Maine,2020-12-01,11976,39717,214,1014
16755,Maine,2021-01-01,24201,63918,347,1361
18460,Maine,2021-02-01,39543,103461,595,1956
20000,Maine,2021-03-01,44762,148223,703,2659
21705,Maine,2021-04-01,50788,199011,744,3403
23355,Maine,2021-05-01,61616,260627,789,4192
25060,Maine,2021-06-01,67819,328446,825,5017
26710,Maine,2021-07-01,69054,397500,859,5876
28415,Maine,2021-08-01,70463,467963,900,6776
1631,Maryland,2020-04-01,1985,1985,33,33
3281,Maryland,2020-05-01,23566,25551,1192,1225
4986,Maryland,2020-06-01,54035,79586,2552,3777
6636,Maryland,2020-07-01,68502,148088,3205,6982
8341,Maryland,2020-08-01,89925,238013,3506,10488
10046,Maryland,2020-09-01,109353,347366,3761,14249
11696,Maryland,2020-10-01,125997,473363,3949,18198
13401,Maryland,2020-11-01,146627,619990,4152,22350
15051,Maryland,2020-12-01,201479,821469,4673,27023
16756,Maryland,2021-01-01,280387,1101856,5942,32965
18461,Maryland,2021-02-01,355812,1457668,7154,40119
20001,Maryland,2021-03-01,382884,1840552,7879,47998
21706,Maryland,2021-04-01,413113,2253665,8303,56301
23356,Maryland,2021-05-01,448529,2702194,8764,65065
25061,Maryland,2021-06-01,460207,3162401,9616,74681
26711,Maryland,2021-07-01,462571,3624972,9744,84425
28416,Maryland,2021-08-01,469314,4094286,9828,94253
36,Massachusetts,2020-02-01,1,1,0,0
245,Massachusetts,2020-03-01,1,2,0,0
1632,Massachusetts,2020-04-01,7738,7740,122,122
3282,Massachusetts,2020-05-01,64311,72051,3716,3838
4987,Massachusetts,2020-06-01,100805,172856,7035,10873
6637,Massachusetts,2020-07-01,109143,281999,8081,18954
8342,Massachusetts,2020-08-01,118040,400039,8626,27580
10047,Massachusetts,2020-09-01,128888,528927,9064,36644
11697,Massachusetts,2020-10-01,132870,661797,9480,46124
13402,Massachusetts,2020-11-01,159707,821504,10013,56137
15052,Massachusetts,2020-12-01,229205,1050709,10778,66915
16757,Massachusetts,2021-01-01,375178,1425887,12423,79338
18462,Massachusetts,2021-02-01,526423,1952310,14607,93945
20002,Massachusetts,2021-03-01,582543,2534853,16144,110089
21707,Massachusetts,2021-04-01,638339,3173192,17217,127306
23357,Massachusetts,2021-05-01,690279,3863471,17617,144923
25062,Massachusetts,2021-06-01,707131,4570602,17883,162806
26712,Massachusetts,2021-07-01,710049,5280651,17997,180803
28417,Massachusetts,2021-08-01,719780,6000431,18082,198885
1633,Michigan,2020-04-01,9292,9292,336,336
3283,Michigan,2020-05-01,42348,51640,3866,4202
4988,Michigan,2020-06-01,58435,110075,5525,9727
6638,Michigan,2020-07-01,71279,181354,6202,15929
8343,Michigan,2020-08-01,91450,272804,6460,22389
10048,Michigan,2020-09-01,113969,386773,6770,29159
11698,Michigan,2020-10-01,139064,525837,7103,36262
13403,Michigan,2020-11-01,197501,723338,7700,43962
15053,Michigan,2020-12-01,394554,1117892,9758,53720
16758,Michigan,2021-01-01,526845,1644737,13011,66731
18463,Michigan,2021-02-01,610524,2255261,15527,82258
20003,Michigan,2021-03-01,646502,2901763,16509,98767
21708,Michigan,2021-04-01,751999,3653762,17165,115932
23358,Michigan,2021-05-01,938277,4592039,18883,134815
25063,Michigan,2021-06-01,991174,5583213,20374,155189
26713,Michigan,2021-07-01,998847,6582060,20998,176187
28418,Michigan,2021-08-01,1009618,7591678,21173,197360
1634,Minnesota,2020-04-01,689,689,17,17
3284,Minnesota,2020-05-01,5730,6419,371,388
4989,Minnesota,2020-06-01,25218,31637,1060,1448
6639,Minnesota,2020-07-01,36753,68390,1482,2930
8344,Minnesota,2020-08-01,55228,123618,1646,4576
10049,Minnesota,2020-09-01,76404,200022,1872,6448
11699,Minnesota,2020-10-01,100253,300275,2102,8550
13404,Minnesota,2020-11-01,150726,451001,2529,11079
15054,Minnesota,2020-12-01,322371,773372,3674,14753
16759,Minnesota,2021-01-01,415361,1188733,5382,20135
18464,Minnesota,2021-02-01,462596,1651329,6270,26405
20004,Minnesota,2021-03-01,485298,2136627,6554,32959
21709,Minnesota,2021-04-01,521745,2658372,6938,39897
23359,Minnesota,2021-05-01,577617,3235989,7247,47144
25064,Minnesota,2021-06-01,601610,3837599,7520,54664
26714,Minnesota,2021-07-01,605541,4443140,7692,62356
28419,Minnesota,2021-08-01,612794,5055934,7761,70117
1635,Mississippi,2020-04-01,1073,1073,22,22
3285,Mississippi,2020-05-01,7212,8285,281,303
4990,Mississippi,2020-06-01,15752,24037,739,1042
6640,Mississippi,2020-07-01,27900,51937,1082,2124
8345,Mississippi,2020-08-01,59881,111818,1693,3817
10050,Mississippi,2020-09-01,83584,195402,2493,6310
11700,Mississippi,2020-10-01,98886,294288,2979,9289
13405,Mississippi,2020-11-01,120500,414788,3348,12637
15055,Mississippi,2020-12-01,154411,569199,3836,16473
16760,Mississippi,2021-01-01,218386,787585,4816,21289
18465,Mississippi,2021-02-01,275706,1063291,6056,27345
20005,Mississippi,2021-03-01,294994,1358285,6681,34026
21710,Mississippi,2021-04-01,305417,1663702,7048,41074
23360,Mississippi,2021-05-01,311900,1975602,7199,48273
25065,Mississippi,2021-06-01,317755,2293357,7318,55591
26715,Mississippi,2021-07-01,321944,2615301,7415,63006
28420,Mississippi,2021-08-01,343505,2958806,7543,70549
1636,Missouri,2020-04-01,1580,1580,21,21
3286,Missouri,2020-05-01,7840,9420,355,376
4991,Missouri,2020-06-01,13523,22943,786,1162
6641,Missouri,2020-07-01,22595,45538,1049,2211
8346,Missouri,2020-08-01,52012,97550,1311,3522
10051,Missouri,2020-09-01,87414,184964,1651,5173
11701,Missouri,2020-10-01,131778,316742,2184,7357
13406,Missouri,2020-11-01,192141,508883,3091,10448
15056,Missouri,2020-12-01,317903,826786,4130,14578
16761,Missouri,2021-01-01,421217,1248003,5906,20484
18466,Missouri,2021-02-01,501226,1749229,7182,27666
20006,Missouri,2021-03-01,525206,2274435,8385,36051
21711,Missouri,2021-04-01,589546,2863981,8981,45032
23361,Missouri,2021-05-01,601861,3465842,9250,54282
25066,Missouri,2021-06-01,615552,4081394,9662,63944
26716,Missouri,2021-07-01,636120,4717514,9924,73868
28421,Missouri,2021-08-01,697481,5414995,10313,84181
1637,Montana,2020-04-01,219,219,5,5
3287,Montana,2020-05-01,452,671,16,21
4992,Montana,2020-06-01,519,1190,17,38
6642,Montana,2020-07-01,1016,2206,22,60
8347,Montana,2020-08-01,4081,6287,61,121
10052,Montana,2020-09-01,7526,13813,105,226
11702,Montana,2020-10-01,13626,27439,181,407
13407,Montana,2020-11-01,33495,60934,378,785
15057,Montana,2020-12-01,63324,124258,700,1485
16762,Montana,2021-01-01,81701,205959,962,2447
18467,Montana,2021-02-01,94146,300105,1235,3682
20007,Montana,2021-03-01,100115,400220,1358,5040
21712,Montana,2021-04-01,104865,505085,1438,6478
23362,Montana,2021-05-01,109061,614146,1574,8052
25067,Montana,2021-06-01,111949,726095,1613,9665
26717,Montana,2021-07-01,113928,840023,1666,11331
28422,Montana,2021-08-01,116480,956503,1704,13035
246,Nebraska,2020-03-01,13,13,0,0
1638,Nebraska,2020-04-01,249,262,5,5
3288,Nebraska,2020-05-01,4838,5100,72,77
4993,Nebraska,2020-06-01,14345,19445,183,260
6643,Nebraska,2020-07-01,19325,38770,282,542
8348,Nebraska,2020-08-01,26391,65161,338,880
10053,Nebraska,2020-09-01,34574,99735,405,1285
11703,Nebraska,2020-10-01,46185,145920,497,1782
13408,Nebraska,2020-11-01,71666,217586,661,2443
15058,Nebraska,2020-12-01,130796,348382,1092,3535
16763,Nebraska,2021-01-01,168567,516949,1707,5242
18468,Nebraska,2021-02-01,192112,709061,2031,7273
20008,Nebraska,2021-03-01,201556,910617,2205,9478
21713,Nebraska,2021-04-01,210155,1120772,2282,11760
23363,Nebraska,2021-05-01,220032,1340804,2366,14126
25068,Nebraska,2021-06-01,223796,1564600,2497,16623
26718,Nebraska,2021-07-01,224802,1789402,2520,19143
28423,Nebraska,2021-08-01,228450,2017852,2550,21693
1639,Nevada,2020-04-01,1279,1279,32,32
3289,Nevada,2020-05-01,5249,6528,254,286
4994,Nevada,2020-06-01,8701,15229,420,706
6644,Nevada,2020-07-01,19151,34380,512,1218
8349,Nevada,2020-08-01,49207,83587,832,2050
10054,Nevada,2020-09-01,69708,153295,1313,3363
11704,Nevada,2020-10-01,80507,233802,1603,4966
13409,Nevada,2020-11-01,101594,335396,1783,6749
15059,Nevada,2020-12-01,155312,490708,2182,8931
16764,Nevada,2021-01-01,227046,717754,3146,12077
18469,Nevada,2021-02-01,279228,996982,4281,16358
20009,Nevada,2021-03-01,294047,1291029,4957,21315
21714,Nevada,2021-04-01,304131,1595160,5256,26571
23364,Nevada,2021-05-01,315438,1910598,5464,32035
25069,Nevada,2021-06-01,324262,2234860,5590,37625
26719,Nevada,2021-07-01,334255,2569115,5692,43317
28424,Nevada,2021-08-01,356401,2925516,5912,49229
1640,New Hampshire,2020-04-01,415,415,4,4
3290,New Hampshire,2020-05-01,2310,2725,81,85
4995,New Hampshire,2020-06-01,4685,7410,245,330
6645,New Hampshire,2020-07-01,5802,13212,373,703
8350,New Hampshire,2020-08-01,6613,19825,416,1119
10055,New Hampshire,2020-09-01,7297,27122,432,1551
11705,New Hampshire,2020-10-01,8317,35439,441,1992
13410,New Hampshire,2020-11-01,11214,46653,483,2475
15060,New Hampshire,2020-12-01,21766,68419,528,3003
16765,New Hampshire,2021-01-01,44028,112447,759,3762
18470,New Hampshire,2021-02-01,66058,178505,1059,4821
20010,New Hampshire,2021-03-01,75588,254093,1170,5991
21715,New Hampshire,2021-04-01,84539,338632,1245,7236
23365,New Hampshire,2021-05-01,95163,433795,1304,8540
25070,New Hampshire,2021-06-01,98767,532562,1353,9893
26720,New Hampshire,2021-07-01,99527,632089,1372,11265
28425,New Hampshire,2021-08-01,100657,732746,1387,12652
1641,New Jersey,2020-04-01,22255,22255,355,355
3291,New Jersey,2020-05-01,121190,143445,7538,7893
4996,New Jersey,2020-06-01,160918,304363,11721,19614
6646,New Jersey,2020-07-01,173782,478145,15078,34692
8351,New Jersey,2020-08-01,183904,662049,15830,50522
10056,New Jersey,2020-09-01,194070,856119,15950,66472
11706,New Jersey,2020-10-01,207676,1063795,16127,82599
13411,New Jersey,2020-11-01,241422,1305217,16354,98953
15061,New Jersey,2020-12-01,343739,1648956,17083,116036
16766,New Jersey,2021-01-01,484882,2133838,19160,135196
18471,New Jersey,2021-02-01,700346,2834184,21513,156709
20011,New Jersey,2021-03-01,792496,3626680,23273,179982
21716,New Jersey,2021-04-01,914420,4541100,24591,204573
23366,New Jersey,2021-05-01,998811,5539911,25588,230161
25071,New Jersey,2021-06-01,1016490,6556401,26219,256380
26721,New Jersey,2021-07-01,1023613,7580014,26463,282843
28426,New Jersey,2021-08-01,1040281,8620295,26607,309450
1642,New Mexico,2020-04-01,363,363,6,6
3292,New Mexico,2020-05-01,3513,3876,131,137
4997,New Mexico,2020-06-01,7800,11676,362,499
6647,New Mexico,2020-07-01,12276,23952,500,999
8352,New Mexico,2020-08-01,20796,44748,651,1650
10057,New Mexico,2020-09-01,25460,70208,787,2437
11707,New Mexico,2020-10-01,29661,99869,882,3319
13412,New Mexico,2020-11-01,47232,147101,1026,4345
15062,New Mexico,2020-12-01,99419,246520,1589,5934
16767,New Mexico,2021-01-01,144142,390662,2504,8438
18472,New Mexico,2021-02-01,174550,565212,3297,11735
20012,New Mexico,2021-03-01,185297,750509,3731,15466
21717,New Mexico,2021-04-01,191946,942455,3944,19410
23367,New Mexico,2021-05-01,197733,1140188,4069,23479
25072,New Mexico,2021-06-01,203151,1343339,4266,27745
26722,New Mexico,2021-07-01,205629,1548968,4345,32090
28427,New Mexico,2021-08-01,210416,1759384,4412,36502
247,New York,2020-03-01,1,1,0,0
1643,New York,2020-04-01,84364,84365,2415,2415
3293,New York,2020-05-01,313575,397940,23841,26256
4998,New York,2020-06-01,376520,774460,29766,56022
6648,New York,2020-07-01,398770,1173230,31791,87813
8353,New York,2020-08-01,420477,1593707,32390,120203
10058,New York,2020-09-01,440237,2033944,32551,152754
11708,New York,2020-10-01,464752,2498696,32768,185522
13413,New York,2020-11-01,514482,3013178,33174,218696
15063,New York,2020-12-01,660041,3673219,34222,252918
16768,New York,2021-01-01,996073,4669292,37733,290651
18473,New York,2021-02-01,1429096,6098388,43354,334005
20013,New York,2021-03-01,1650560,7748948,47247,381252
21718,New York,2021-04-01,1880768,9629716,49872,431124
23368,New York,2021-05-01,2050174,11679890,51791,482915
25073,New York,2021-06-01,2101111,13781001,52784,535699
26723,New York,2021-07-01,2113544,15894545,53107,588806
28428,New York,2021-08-01,2151035,18045580,53274,642080
1644,North Carolina,2020-04-01,1591,1591,11,11
3294,North Carolina,2020-05-01,10922,12513,405,416
4999,North Carolina,2020-06-01,29368,41881,923,1339
6649,North Carolina,2020-07-01,66815,108696,1389,2728
8354,North Carolina,2020-08-01,124015,232711,1989,4717
10059,North Carolina,2020-09-01,169966,402677,2769,7486
11709,North Carolina,2020-10-01,213218,615895,3601,11087
13414,North Carolina,2020-11-01,276706,892601,4405,15492
15064,North Carolina,2020-12-01,368615,1261216,5322,20814
16769,North Carolina,2021-01-01,543976,1805192,6819,27633
18474,North Carolina,2021-02-01,763358,2568550,9397,37030
20014,North Carolina,2021-03-01,862880,3431430,11286,48316
21719,North Carolina,2021-04-01,917474,4348904,12160,60476
23369,North Carolina,2021-05-01,970673,5319577,12677,73153
25074,North Carolina,2021-06-01,1003793,6323370,13118,86271
26724,North Carolina,2021-07-01,1014967,7338337,13447,99718
28429,North Carolina,2021-08-01,1049288,8387625,13651,113369
1645,North Dakota,2020-04-01,147,147,3,3
3295,North Dakota,2020-05-01,1107,1254,23,26
5000,North Dakota,2020-06-01,2628,3882,64,90
6650,North Dakota,2020-07-01,3624,7506,89,179
8355,North Dakota,2020-08-01,6606,14112,107,286
10060,North Dakota,2020-09-01,12004,26116,149,435
11710,North Dakota,2020-10-01,22221,48337,259,694
13415,North Dakota,2020-11-01,45048,93385,536,1230
15065,North Dakota,2020-12-01,79661,173046,960,2190
16770,North Dakota,2021-01-01,92777,265823,1316,3506
18475,North Dakota,2021-02-01,97708,363531,1447,4953
20015,North Dakota,2021-03-01,99882,463413,1475,6428
21720,North Dakota,2021-04-01,103331,566744,1498,7926
23370,North Dakota,2021-05-01,107670,674414,1525,9451
25075,North Dakota,2021-06-01,109993,784407,1543,10994
26725,North Dakota,2021-07-01,110749,895156,1559,12553
28430,North Dakota,2021-08-01,111705,1006861,1570,14123
1646,Northern Mariana Islands,2020-04-01,6,6,1,1
3296,Northern Mariana Islands,2020-05-01,14,20,2,3
5001,Northern Mariana Islands,2020-06-01,22,42,2,5
6651,Northern Mariana Islands,2020-07-01,30,72,2,7
8356,Northern Mariana Islands,2020-08-01,44,116,2,9
10061,Northern Mariana Islands,2020-09-01,57,173,2,11
11711,Northern Mariana Islands,2020-10-01,70,243,2,13
13416,Northern Mariana Islands,2020-11-01,96,339,2,15
15066,Northern Mariana Islands,2020-12-01,106,445,2,17
16771,Northern Mariana Islands,2021-01-01,122,567,2,19
18476,Northern Mariana Islands,2021-02-01,131,698,2,21
20016,Northern Mariana Islands,2021-03-01,143,841,2,23
21721,Northern Mariana Islands,2021-04-01,159,1000,2,25
23371,Northern Mariana Islands,2021-05-01,168,1168,2,27
25076,Northern Mariana Islands,2021-06-01,183,1351,2,29
26726,Northern Mariana Islands,2021-07-01,183,1534,2,31
28431,Northern Mariana Islands,2021-08-01,196,1730,2,33
1647,Ohio,2020-04-01,2548,2548,65,65
3297,Ohio,2020-05-01,18743,21291,1002,1067
5002,Ohio,2020-06-01,35984,57275,2206,3273
6652,Ohio,2020-07-01,52865,110140,2876,6149
8357,Ohio,2020-08-01,92087,202227,3515,9664
10062,Ohio,2020-09-01,124610,326837,4165,13829
11712,Ohio,2020-10-01,155314,482151,4817,18646
13417,Ohio,2020-11-01,219000,701151,5303,23949
15067,Ohio,2020-12-01,430093,1131244,6548,30497
16772,Ohio,2021-01-01,700380,1831624,8962,39459
18477,Ohio,2021-02-01,899079,2730703,11233,50692
20017,Ohio,2021-03-01,968874,3699577,17348,68040
21722,Ohio,2021-04-01,1020041,4719618,18609,86649
23372,Ohio,2021-05-01,1074019,5793637,19284,105933
25077,Ohio,2021-06-01,1102556,6896193,19861,125794
26727,Ohio,2021-07-01,1111903,8008096,20309,146103
28432,Ohio,2021-08-01,1130134,9138230,20492,166595
1648,Oklahoma,2020-04-01,719,719,30,30
3298,Oklahoma,2020-05-01,3748,4467,230,260
5003,Oklahoma,2020-06-01,6573,11040,334,594
6653,Oklahoma,2020-07-01,14112,25152,389,983
8358,Oklahoma,2020-08-01,37706,62858,549,1532
10063,Oklahoma,2020-09-01,59399,122257,809,2341
11713,Oklahoma,2020-10-01,88369,210626,1035,3376
13418,Oklahoma,2020-11-01,124111,334737,1345,4721
15068,Oklahoma,2020-12-01,199482,534219,1758,6479
16773,Oklahoma,2021-01-01,290936,825155,2489,8968
18478,Oklahoma,2021-02-01,390868,1216023,3564,12532
20018,Oklahoma,2021-03-01,424888,1640911,4478,17010
21723,Oklahoma,2021-04-01,438777,2079688,4953,21963
23373,Oklahoma,2021-05-01,448305,2527993,6788,28751
25078,Oklahoma,2021-06-01,453243,2981236,7291,36042
26728,Oklahoma,2021-07-01,458150,3439386,7388,43430
28433,Oklahoma,2021-08-01,480635,3920021,7485,50915
248,Oregon,2020-03-01,2,2,0,0
1649,Oregon,2020-04-01,737,739,19,19
3299,Oregon,2020-05-01,2579,3318,104,123
5004,Oregon,2020-06-01,4303,7621,154,277
6654,Oregon,2020-07-01,9019,16640,211,488
8359,Oregon,2020-08-01,18817,35457,329,817
10064,Oregon,2020-09-01,26958,62415,467,1284
11714,Oregon,2020-10-01,33865,96280,561,1845
13419,Oregon,2020-11-01,45419,141699,691,2536
15069,Oregon,2020-12-01,76655,218354,938,3474
16774,Oregon,2021-01-01,115377,333731,1501,4975
18479,Oregon,2021-02-01,143373,477104,1980,6955
20019,Oregon,2021-03-01,155873,632977,2222,9177
21724,Oregon,2021-04-01,165524,798501,2398,11575
23374,Oregon,2021-05-01,185621,984122,2514,14089
25079,Oregon,2021-06-01,201701,1185823,2703,16792
26729,Oregon,2021-07-01,208900,1394723,2808,19600
28434,Oregon,2021-08-01,219755,1614478,2886,22486
1650,Pennsylvania,2020-04-01,5805,5805,78,78
3300,Pennsylvania,2020-05-01,49764,55569,2671,2749
5005,Pennsylvania,2020-06-01,76734,132303,5574,8323
6655,Pennsylvania,2020-07-01,91864,224167,6704,15027
8360,Pennsylvania,2020-08-01,117468,341635,7270,22297
10065,Pennsylvania,2020-09-01,139591,481226,7764,30061
11715,Pennsylvania,2020-10-01,165078,646304,8234,38295
13420,Pennsylvania,2020-11-01,214500,860804,8888,47183
15070,Pennsylvania,2020-12-01,372688,1233492,10614,57797
16775,Pennsylvania,2021-01-01,652952,1886444,16247,74044
18480,Pennsylvania,2021-02-01,851911,2738355,21741,95785
20020,Pennsylvania,2021-03-01,938308,3676663,24065,119850
21725,Pennsylvania,2021-04-01,1034263,4710926,25179,145029
23375,Pennsylvania,2021-05-01,1158964,5869890,26307,171336
25080,Pennsylvania,2021-06-01,1207596,7077486,27270,198606
26730,Pennsylvania,2021-07-01,1216965,8294451,27684,226290
28435,Pennsylvania,2021-08-01,1230824,9525275,27855,254145
1651,Puerto Rico,2020-04-01,286,286,11,11
3301,Puerto Rico,2020-05-01,1573,1859,94,105
5006,Puerto Rico,2020-06-01,3873,5732,136,241
6656,Puerto Rico,2020-07-01,7537,13269,153,394
8361,Puerto Rico,2020-08-01,17872,31141,225,619
10066,Puerto Rico,2020-09-01,33421,64562,435,1054
11716,Puerto Rico,2020-10-01,49067,113629,665,1719
13421,Puerto Rico,2020-11-01,66661,180290,832,2551
15071,Puerto Rico,2020-12-01,86935,267225,1122,3673
16776,Puerto Rico,2021-01-01,110669,377894,1521,5194
18481,Puerto Rico,2021-02-01,127853,505747,1836,7030
20021,Puerto Rico,2021-03-01,134199,639946,2037,9067
21726,Puerto Rico,2021-04-01,141085,781031,2118,11185
23376,Puerto Rico,2021-05-01,165571,946602,2310,13495
25081,Puerto Rico,2021-06-01,172372,1118974,2505,16000
26731,Puerto Rico,2021-07-01,173673,1292647,2549,18549
28436,Puerto Rico,2021-08-01,180601,1473248,2580,21129
249,Rhode Island,2020-03-01,2,2,0,0
1652,Rhode Island,2020-04-01,566,568,10,10
3302,Rhode Island,2020-05-01,8962,9530,279,289
5007,Rhode Island,2020-06-01,14991,24521,720,1009
6657,Rhode Island,2020-07-01,16853,41374,956,1965
8362,Rhode Island,2020-08-01,19022,60396,1007,2972
10067,Rhode Island,2020-09-01,22002,82398,1050,4022
11717,Rhode Island,2020-10-01,24914,107312,1117,5139
13422,Rhode Island,2020-11-01,32874,140186,1201,6340
15072,Rhode Island,2020-12-01,57906,198092,1380,7720
16777,Rhode Island,2021-01-01,87949,286041,1777,9497
18482,Rhode Island,2021-02-01,115956,401997,2173,11670
20022,Rhode Island,2021-03-01,126588,528585,2517,14187
21727,Rhode Island,2021-04-01,137848,666433,2624,16811
23377,Rhode Island,2021-05-01,148186,814619,2671,19482
25082,Rhode Island,2021-06-01,151844,966463,2712,22194
26732,Rhode Island,2021-07-01,152618,1119081,2730,24924
28437,Rhode Island,2021-08-01,154339,1273420,2740,27664
1653,South Carolina,2020-04-01,1293,1293,26,26
3303,South Carolina,2020-05-01,6258,7551,256,282
5008,South Carolina,2020-06-01,12148,19699,500,782
6658,South Carolina,2020-07-01,37919,57618,766,1548
8363,South Carolina,2020-08-01,90599,148217,1751,3299
10068,South Carolina,2020-09-01,119846,268063,2757,6056
11718,South Carolina,2020-10-01,148323,416386,3400,9456
13423,South Carolina,2020-11-01,178023,594409,3936,13392
15073,South Carolina,2020-12-01,218912,813321,4404,17796
16778,South Carolina,2021-01-01,307507,1120828,5296,23092
18483,South Carolina,2021-02-01,445916,1566744,7283,30375
20023,South Carolina,2021-03-01,517976,2084720,8562,38937
21728,South Carolina,2021-04-01,552681,2637401,9174,48111
23378,South Carolina,2021-05-01,579556,3216957,9506,57617
25083,South Carolina,2021-06-01,593262,3810219,9736,67353
26733,South Carolina,2021-07-01,597021,4407240,9826,77179
28438,South Carolina,2021-08-01,617148,5024388,9904,87083
1654,South Dakota,2020-04-01,129,129,1,1
3304,South Dakota,2020-05-01,2525,2654,21,22
5009,South Dakota,2020-06-01,5034,7688,62,84
6659,South Dakota,2020-07-01,6826,14514,93,177
8364,South Dakota,2020-08-01,8867,23381,134,311
10069,South Dakota,2020-09-01,13749,37130,167,478
11719,South Dakota,2020-10-01,23136,60266,236,714
13424,South Dakota,2020-11-01,47324,107590,437,1151
15074,South Dakota,2020-12-01,80912,188502,948,2099
16779,South Dakota,2021-01-01,99164,287666,1488,3587
18484,South Dakota,2021-02-01,108315,395981,1778,5365
20024,South Dakota,2021-03-01,112470,508451,1888,7253
21729,South Dakota,2021-04-01,117989,626440,1938,9191
23379,South Dakota,2021-05-01,122660,749100,1967,11158
25084,South Dakota,2021-06-01,124191,873291,2014,13172
26734,South Dakota,2021-07-01,124561,997852,2038,15210
28439,South Dakota,2021-08-01,125216,1123068,2043,17253
1655,Tennessee,2020-04-01,2689,2689,23,23
3305,Tennessee,2020-05-01,11781,14470,205,228
5010,Tennessee,2020-06-01,23242,37712,361,589
6660,Tennessee,2020-07-01,44360,82072,602,1191
8365,Tennessee,2020-08-01,105455,187527,1056,2247
10070,Tennessee,2020-09-01,153274,340801,1753,4000
11720,Tennessee,2020-10-01,194601,535402,2473,6473
13425,Tennessee,2020-11-01,257658,793060,3322,9795
15075,Tennessee,2020-12-01,371980,1165040,4584,14379
16780,Tennessee,2021-01-01,572579,1737619,6846,21225
18485,Tennessee,2021-02-01,715439,2453058,9660,30885
20025,Tennessee,2021-03-01,761891,3214949,11327,42212
21730,Tennessee,2021-04-01,799226,4014175,11809,54021
23380,Tennessee,2021-05-01,832906,4847081,12100,66121
25085,Tennessee,2021-06-01,848552,5695633,12356,78477
26735,Tennessee,2021-07-01,854430,6550063,12472,90949
28440,Tennessee,2021-08-01,879858,7429921,12638,103587
250,Texas,2020-03-01,11,11,0,0
1656,Texas,2020-04-01,4402,4413,65,65
3306,Texas,2020-05-01,30342,34755,853,918
5011,Texas,2020-06-01,66081,100836,1695,2613
6661,Texas,2020-07-01,174826,275662,2518,5131
8366,Texas,2020-08-01,448224,723886,7477,12608
10071,Texas,2020-09-01,645534,1369420,13004,25612
11721,Texas,2020-10-01,788066,2157486,16220,41832
13426,Texas,2020-11-01,957789,3115275,18582,60414
15076,Texas,2020-12-01,1275295,4390570,22204,82618
16781,Texas,2021-01-01,1778306,6168876,28434,111052
18486,Texas,2021-02-01,2412150,8581026,37405,148457
20026,Texas,2021-03-01,2658389,11239415,44078,192535
21731,Texas,2021-04-01,2793685,14033100,48651,241186
23381,Texas,2021-05-01,2891264,16924364,50455,291641
25086,Texas,2021-06-01,2948635,19872999,51689,343330
26736,Texas,2021-07-01,2995274,22868273,52554,395884
28441,Texas,2021-08-01,3135695,26003968,53420,449304
251,Utah,2020-03-01,1,1,0,0
1657,Utah,2020-04-01,1012,1013,7,7
3307,Utah,2020-05-01,4829,5842,46,53
5012,Utah,2020-06-01,10026,15868,113,166
6662,Utah,2020-07-01,22864,38732,173,339
8367,Utah,2020-08-01,40754,79486,312,651
10072,Utah,2020-09-01,52505,131991,410,1061
11722,Utah,2020-10-01,74099,206090,460,1521
13427,Utah,2020-11-01,116510,322600,614,2135
15077,Utah,2020-12-01,198260,520860,890,3025
16782,Utah,2021-01-01,276612,797472,1273,4298
18487,Utah,2021-02-01,347210,1144682,1669,5967
20027,Utah,2021-03-01,371548,1516230,1940,7907
21732,Utah,2021-04-01,386188,1902418,2125,10032
23382,Utah,2021-05-01,397798,2300216,2203,12235
25087,Utah,2021-06-01,406352,2706568,2302,14537
26737,Utah,2021-07-01,415750,3122318,2375,16912
28442,Utah,2021-08-01,432539,3554857,2451,19363
1658,Vermont,2020-04-01,321,321,16,16
3308,Vermont,2020-05-01,879,1200,49,65
5013,Vermont,2020-06-01,983,2183,55,120
6663,Vermont,2020-07-01,1210,3393,56,176
8368,Vermont,2020-08-01,1421,4814,57,233
10073,Vermont,2020-09-01,1635,6449,58,291
11723,Vermont,2020-10-01,1755,8204,58,349
13428,Vermont,2020-11-01,2196,10400,58,407
15078,Vermont,2020-12-01,4239,14639,72,479
16783,Vermont,2021-01-01,7412,22051,136,615
18488,Vermont,2021-02-01,12083,34134,175,790
20028,Vermont,2021-03-01,15284,49418,205,995
21733,Vermont,2021-04-01,19523,68941,227,1222
23383,Vermont,2021-05-01,23032,91973,247,1469
25088,Vermont,2021-06-01,24224,116197,255,1724
26738,Vermont,2021-07-01,24412,140609,257,1981
28443,Vermont,2021-08-01,24889,165498,260,2241
1659,Virgin Islands,2020-04-01,30,30,0,0
3309,Virgin Islands,2020-05-01,66,96,4,4
5014,Virgin Islands,2020-06-01,70,166,6,10
6664,Virgin Islands,2020-07-01,92,258,6,16
8369,Virgin Islands,2020-08-01,421,679,8,24
10074,Virgin Islands,2020-09-01,1143,1822,15,39
11724,Virgin Islands,2020-10-01,1326,3148,20,59
13429,Virgin Islands,2020-11-01,1376,4524,21,80
15079,Virgin Islands,2020-12-01,1550,6074,23,103
16784,Virgin Islands,2021-01-01,2036,8110,23,126
18489,Virgin Islands,2021-02-01,2421,10531,24,150
20029,Virgin Islands,2021-03-01,2646,13177,25,175
21734,Virgin Islands,2021-04-01,2907,16084,26,201
23384,Virgin Islands,2021-05-01,3125,19209,27,228
25089,Virgin Islands,2021-06-01,3465,22674,27,255
26739,Virgin Islands,2021-07-01,3895,26569,30,285
28444,Virgin Islands,2021-08-01,4514,31083,36,321
1660,Virginia,2020-04-01,1511,1511,18,18
3310,Virginia,2020-05-01,16901,18412,581,599
5015,Virginia,2020-06-01,45398,63810,1392,1991
6665,Virginia,2020-07-01,63203,127013,1786,3777
8370,Virginia,2020-08-01,90801,217814,2215,5992
10075,Virginia,2020-09-01,121615,339429,2612,8604
11725,Virginia,2020-10-01,148721,488150,3228,11832
13430,Virginia,2020-11-01,182392,670542,3655,15487
15080,Virginia,2020-12-01,240063,910605,4093,19580
16785,Virginia,2021-01-01,354766,1265371,5081,24661
18490,Virginia,2021-02-01,507640,1773011,6474,31135
20030,Virginia,2021-03-01,577174,2350185,8783,39918
21735,Virginia,2021-04-01,620801,2970986,10268,50186
23385,Virginia,2021-05-01,660553,3631539,10777,60963
25090,Virginia,2021-06-01,675597,4307136,11194,72157
26740,Virginia,2021-07-01,680564,4987700,11419,83576
28445,Virginia,2021-08-01,694384,5682084,11532,95108
37,Washington,2020-02-01,1,1,0,0
252,Washington,2020-03-01,17,18,3,3
1661,Washington,2020-04-01,5589,5607,250,253
3311,Washington,2020-05-01,15134,20741,829,1082
5016,Washington,2020-06-01,23272,44013,1133,2215
6666,Washington,2020-07-01,35258,79271,1340,3555
8371,Washington,2020-08-01,59648,138919,1675,5230
10076,Washington,2020-09-01,78061,216980,2018,7248
11726,Washington,2020-10-01,92166,309146,2227,9475
13431,Washington,2020-11-01,113109,422255,2468,11943
15081,Washington,2020-12-01,174969,597224,2927,14870
16786,Washington,2021-01-01,251585,848809,3523,18393
18491,Washington,2021-02-01,317703,1166512,4404,22797
20031,Washington,2021-03-01,343723,1510235,5038,27835
21736,Washington,2021-04-01,368049,1878284,5316,33151
23386,Washington,2021-05-01,406546,2284830,5547,38698
25091,Washington,2021-06-01,438918,2723748,5833,44531
26741,Washington,2021-07-01,454087,3177835,5992,50523
28446,Washington,2021-08-01,474520,3652355,6165,56688
1662,West Virginia,2020-04-01,191,191,2,2
3312,West Virginia,2020-05-01,1152,1343,47,49
5017,West Virginia,2020-06-01,2028,3371,76,125
6667,West Virginia,2020-07-01,2979,6350,93,218
8372,West Virginia,2020-08-01,6735,13085,116,334
10077,West Virginia,2020-09-01,10507,23592,222,556
11727,West Virginia,2020-10-01,16024,39616,354,910
13432,West Virginia,2020-11-01,24883,64499,457,1367
15082,West Virginia,2020-12-01,48818,113317,758,2125
16787,West Virginia,2021-01-01,87820,201137,1361,3486
18492,West Virginia,2021-02-01,121425,322562,2028,5514
20032,West Virginia,2021-03-01,132048,454610,2300,7814
21737,West Virginia,2021-04-01,142233,596843,2683,10497
23387,West Virginia,2021-05-01,153498,750341,2679,13176
25092,West Virginia,2021-06-01,161858,912199,2797,15973
26742,West Virginia,2021-07-01,164097,1076296,2897,18870
28447,West Virginia,2021-08-01,167016,1243312,2946,21816
253,Wisconsin,2020-03-01,1,1,0,0
1663,Wisconsin,2020-04-01,1552,1553,33,33
3313,Wisconsin,2020-05-01,7439,8992,327,360
5018,Wisconsin,2020-06-01,18825,27817,597,957
6668,Wisconsin,2020-07-01,32307,60124,794,1751
8373,Wisconsin,2020-08-01,58064,118188,955,2706
10078,Wisconsin,2020-09-01,81688,199876,1141,3847
11728,Wisconsin,2020-10-01,132176,332052,1358,5205
13433,Wisconsin,2020-11-01,241423,573475,2110,7315
15083,Wisconsin,2020-12-01,416365,989840,3628,10943
16788,Wisconsin,2021-01-01,522523,1512363,5257,16200
18493,Wisconsin,2021-02-01,592921,2105284,6439,22639
20033,Wisconsin,2021-03-01,617700,2722984,7019,29658
21738,Wisconsin,2021-04-01,637117,3360101,7327,36985
23388,Wisconsin,2021-05-01,661414,4021515,7569,44554
25093,Wisconsin,2021-06-01,674693,4696208,7875,52429
26743,Wisconsin,2021-07-01,677952,5374160,8134,60563
28448,Wisconsin,2021-08-01,687382,6061542,8290,68853
1664,Wyoming,2020-04-01,138,138,0,0
3314,Wyoming,2020-05-01,566,704,7,7
5019,Wyoming,2020-06-01,910,1614,17,24
6669,Wyoming,2020-07-01,1514,3128,20,44
8374,Wyoming,2020-08-01,2769,5897,26,70
10079,Wyoming,2020-09-01,3866,9763,41,111
11729,Wyoming,2020-10-01,6083,15846,53,164
13434,Wyoming,2020-11-01,13723,29569,87,251
15084,Wyoming,2020-12-01,33805,63374,230,481
16789,Wyoming,2021-01-01,44409,107783,438,919
18494,Wyoming,2021-02-01,52057,159840,596,1515
20034,Wyoming,2021-03-01,54471,214311,671,2186
21739,Wyoming,2021-04-01,56389,270700,700,2886
23389,Wyoming,2021-05-01,58142,328842,707,3593
25094,Wyoming,2021-06-01,60364,389206,720,4313
26744,Wyoming,2021-07-01,62353,451559,747,5060
28449,Wyoming,2021-08-01,65127,516686,776,5836
