id,location,date,total_cases,new_cases,total_deaths,new_deaths,mask_use_percentage
28796,Denmark,2020-03-01,4.00,,,,1.33
28827,Denmark,2020-04-01,3290.00,3286.00,104.00,,2.75
28857,Denmark,2020-05-01,9509.00,6219.00,460.00,356.00,4.00
28888,Denmark,2020-06-01,11899.00,2390.00,576.00,116.00,4.00
28918,Denmark,2020-07-01,12994.00,1095.00,606.00,30.00,
28949,Denmark,2020-08-01,14028.00,1034.00,615.00,9.00,
28980,Denmark,2020-09-01,17509.00,3481.00,625.00,10.00,35.50
29010,Denmark,2020-10-01,28882.00,11373.00,651.00,26.00,40.00
29041,Denmark,2020-11-01,47811.00,18929.00,723.00,72.00,72.50
29071,Denmark,2020-12-01,82470.00,34659.00,846.00,123.00,69.00
29102,Denmark,2021-01-01,166567.00,84097.00,1322.00,476.00,65.00
29133,Denmark,2021-02-01,199644.00,33077.00,2146.00,824.00,65.00
29161,Denmark,2021-03-01,212380.00,12736.00,2366.00,220.00,62.00
29192,Denmark,2021-04-01,231957.00,19577.00,2424.00,58.00,65.00
29222,Denmark,2021-05-01,252740.00,20783.00,2490.00,66.00,60.00
29253,Denmark,2021-06-01,282896.00,30156.00,2517.00,27.00,56.00
29283,Denmark,2021-07-01,294980.00,12084.00,2536.00,19.00,28.00
29314,Denmark,2021-08-01,318807.00,23827.00,2551.00,15.00,18.50
37715,Finland,2020-03-01,6.00,5.00,,,1.33
37746,Finland,2020-04-01,1446.00,1440.00,17.00,,3.75
37776,Finland,2020-05-01,5051.00,3605.00,218.00,201.00,7.00
37807,Finland,2020-06-01,6885.00,1834.00,318.00,100.00,7.00
37837,Finland,2020-07-01,7236.00,351.00,328.00,10.00,
37868,Finland,2020-08-01,7443.00,207.00,329.00,1.00,
37899,Finland,2020-09-01,8142.00,699.00,336.00,7.00,21.50
37929,Finland,2020-10-01,10103.00,1961.00,344.00,8.00,46.00
37960,Finland,2020-11-01,16291.00,6188.00,358.00,14.00,59.00
37990,Finland,2020-12-01,25462.00,9171.00,399.00,41.00,0.00
38021,Finland,2021-01-01,36403.00,10941.00,561.00,162.00,75.50
38052,Finland,2021-02-01,45482.00,9079.00,677.00,116.00,76.00
38080,Finland,2021-03-01,58064.00,12582.00,750.00,73.00,73.00
38111,Finland,2021-04-01,78106.00,20042.00,846.00,96.00,76.00
38141,Finland,2021-05-01,87096.00,8990.00,914.00,68.00,73.00
38172,Finland,2021-06-01,92642.00,5546.00,956.00,42.00,71.50
38202,Finland,2021-07-01,95964.00,3322.00,973.00,17.00,72.00
38233,Finland,2021-08-01,107321.00,11357.00,985.00,12.00,66.00
38322,France,2020-03-01,130.00,124.00,2.00,,11.25
38353,France,2020-04-01,57125.00,56995.00,4779.00,4777.00,38.25
38383,France,2020-05-01,169387.00,112262.00,24566.00,19787.00,70.33
38414,France,2020-06-01,191382.00,21995.00,28837.00,4271.00,77.00
38444,France,2020-07-01,205234.00,13852.00,29865.00,1028.00,81.25
38475,France,2020-08-01,227301.00,22067.00,30268.00,403.00,82.50
38506,France,2020-09-01,326264.00,98963.00,30673.00,405.00,80.25
38536,France,2020-10-01,618918.00,292654.00,32035.00,1362.00,82.33
38567,France,2020-11-01,1460575.00,841657.00,37058.00,5023.00,83.00
38597,France,2020-12-01,2285273.00,824698.00,53595.00,16537.00,81.67
38628,France,2021-01-01,2697018.00,411745.00,64891.00,11296.00,77.67
38659,France,2021-02-01,3260382.00,563364.00,76656.00,11765.00,79.75
38687,France,2021-03-01,3820418.00,560036.00,86954.00,10298.00,79.00
38718,France,2021-04-01,4755862.00,935444.00,96106.00,9152.00,78.50
38748,France,2021-05-01,5703499.00,947637.00,104868.00,8762.00,81.00
38779,France,2021-06-01,5738762.00,35263.00,109827.00,4959.00,77.60
38809,France,2021-07-01,5840067.00,101305.00,111288.00,1461.00,75.00
38840,France,2021-08-01,6210335.00,370268.00,112079.00,791.00,77.00
40846,Germany,2020-03-01,130.00,122.00,,,3.25
40877,Germany,2020-04-01,77872.00,77742.00,920.00,,23.25
40907,Germany,2020-05-01,164077.00,86205.00,6736.00,5816.00,63.00
40938,Germany,2020-06-01,183594.00,19517.00,8555.00,1819.00,64.00
40968,Germany,2020-07-01,195893.00,12299.00,8995.00,440.00,65.33
40999,Germany,2020-08-01,211005.00,15112.00,9154.00,159.00,64.50
41030,Germany,2020-09-01,246015.00,35010.00,9307.00,153.00,63.00
41060,Germany,2020-10-01,295539.00,49524.00,9509.00,202.00,64.00
41091,Germany,2020-11-01,544346.00,248807.00,10513.00,1004.00,70.50
41121,Germany,2020-12-01,1094678.00,550332.00,17177.00,6664.00,73.00
41152,Germany,2021-01-01,1762637.00,667959.00,34145.00,16968.00,73.50
41183,Germany,2021-02-01,2232327.00,469690.00,58059.00,23914.00,72.50
41211,Germany,2021-03-01,2455569.00,223242.00,70514.00,12455.00,70.00
41242,Germany,2021-04-01,2866323.00,410754.00,76823.00,6309.00,70.50
41272,Germany,2021-05-01,3423900.00,557577.00,83207.00,6384.00,68.50
41303,Germany,2021-06-01,3692908.00,269008.00,88781.00,5574.00,67.00
41333,Germany,2021-07-01,3736959.00,44051.00,91014.00,2233.00,61.33
41364,Germany,2021-08-01,3778277.00,41318.00,91666.00,652.00,63.50
53284,Italy,2020-03-01,1694.00,1692.00,34.00,,51.67
53315,Italy,2020-04-01,110574.00,108880.00,13155.00,13121.00,83.60
53345,Italy,2020-05-01,207428.00,96854.00,28236.00,15081.00,85.00
53376,Italy,2020-06-01,233197.00,25769.00,33475.00,5239.00,84.00
53406,Italy,2020-07-01,240760.00,7563.00,34788.00,1313.00,83.25
53437,Italy,2020-08-01,247832.00,7072.00,35146.00,358.00,83.50
53468,Italy,2020-09-01,270189.00,22357.00,35491.00,345.00,85.00
53498,Italy,2020-10-01,317409.00,47220.00,35918.00,427.00,87.25
53529,Italy,2020-11-01,709335.00,391926.00,38826.00,2908.00,87.00
53559,Italy,2020-12-01,1620901.00,911566.00,56361.00,17535.00,84.75
53590,Italy,2021-01-01,2129376.00,508475.00,74621.00,18260.00,85.00
53621,Italy,2021-02-01,2560957.00,431581.00,88845.00,14224.00,84.00
53649,Italy,2021-03-01,2938371.00,377414.00,97945.00,9100.00,85.00
53680,Italy,2021-04-01,3607083.00,668712.00,109847.00,11902.00,83.50
53710,Italy,2021-05-01,4035617.00,428534.00,121033.00,11186.00,82.33
53741,Italy,2021-06-01,4220304.00,184687.00,126221.00,5188.00,79.75
53771,Italy,2021-07-01,4260788.00,40484.00,127587.00,1366.00,77.33
53802,Italy,2021-08-01,4355348.00,94560.00,128068.00,481.00,77.40
79686,Norway,2020-04-01,4863.00,4844.00,44.00,,5.25
79716,Norway,2020-05-01,7783.00,2920.00,210.00,166.00,6.00
79747,Norway,2020-06-01,8446.00,663.00,236.00,26.00,
79777,Norway,2020-07-01,8896.00,450.00,251.00,15.00,
79808,Norway,2020-08-01,9253.00,357.00,255.00,4.00,
79839,Norway,2020-09-01,10871.00,1618.00,264.00,9.00,17.00
79869,Norway,2020-10-01,14149.00,3278.00,274.00,10.00,24.00
79900,Norway,2020-11-01,20635.00,6486.00,282.00,8.00,43.50
79930,Norway,2020-12-01,36591.00,15956.00,334.00,52.00,48.00
79961,Norway,2021-01-01,49803.00,13212.00,436.00,102.00,62.00
79992,Norway,2021-02-01,63262.00,13459.00,567.00,131.00,61.33
80020,Norway,2021-03-01,71735.00,8473.00,623.00,56.00,68.50
80051,Norway,2021-04-01,96770.00,25035.00,673.00,50.00,76.00
80081,Norway,2021-05-01,113259.00,16489.00,756.00,83.00,69.00
80112,Norway,2021-06-01,125576.00,12317.00,783.00,27.00,63.00
80142,Norway,2021-07-01,131509.00,5933.00,794.00,11.00,51.50
80173,Norway,2021-08-01,137853.00,6344.00,799.00,5.00,45.00
100156,Spain,2020-03-01,84.00,83.00,,,24.00
100187,Spain,2020-04-01,104118.00,104034.00,9387.00,,60.80
100217,Spain,2020-05-01,215216.00,111098.00,24543.00,15156.00,85.00
100248,Spain,2020-06-01,239638.00,24422.00,27127.00,2584.00,84.75
100278,Spain,2020-07-01,249659.00,10021.00,28364.00,1237.00,88.00
100309,Spain,2020-08-01,288522.00,38863.00,28445.00,81.00,89.00
100340,Spain,2020-09-01,470973.00,182451.00,29152.00,707.00,88.40
100370,Spain,2020-10-01,778607.00,307634.00,31973.00,2821.00,89.00
100401,Spain,2020-11-01,1185678.00,407071.00,35878.00,3905.00,88.00
100431,Spain,2020-12-01,1656444.00,470766.00,45511.00,9633.00,85.50
100462,Spain,2021-01-01,1928265.00,271821.00,50837.00,5326.00,88.50
100493,Spain,2021-02-01,2822805.00,894540.00,59081.00,8244.00,87.00
100521,Spain,2021-03-01,3204531.00,381726.00,69609.00,10528.00,86.75
100552,Spain,2021-04-01,3291394.00,86863.00,75541.00,5932.00,89.00
100582,Spain,2021-05-01,3524077.00,232683.00,78216.00,2675.00,87.00
100613,Spain,2021-06-01,3682778.00,158701.00,79983.00,1767.00,84.75
100643,Spain,2021-07-01,3821305.00,138527.00,80883.00,900.00,84.20
100674,Spain,2021-08-01,4447044.00,625739.00,81486.00,603.00,84.00
102475,Sweden,2020-03-01,14.00,13.00,,,1.00
102506,Sweden,2020-04-01,5320.00,5306.00,455.00,,5.25
102536,Sweden,2020-05-01,22133.00,16813.00,2653.00,2198.00,3.00
102567,Sweden,2020-06-01,39309.00,17176.00,4403.00,1750.00,5.50
102597,Sweden,2020-07-01,68608.00,29299.00,5370.00,967.00,
102628,Sweden,2020-08-01,77379.00,8771.00,5743.00,373.00,
102659,Sweden,2020-09-01,84521.00,7142.00,5813.00,70.00,7.50
102689,Sweden,2020-10-01,93615.00,9094.00,5893.00,80.00,9.00
102720,Sweden,2020-11-01,124355.00,30740.00,5938.00,45.00,12.00
102750,Sweden,2020-12-01,260758.00,136403.00,6681.00,743.00,16.00
102781,Sweden,2021-01-01,437379.00,176621.00,8727.00,2046.00,29.00
102812,Sweden,2021-02-01,566957.00,129578.00,11591.00,2864.00,33.00
102840,Sweden,2021-03-01,657309.00,90352.00,12826.00,1235.00,36.50
102871,Sweden,2021-04-01,813191.00,155882.00,13498.00,672.00,43.00
102901,Sweden,2021-05-01,973604.00,160413.00,14048.00,550.00,43.00
102932,Sweden,2021-06-01,1068473.00,94869.00,14451.00,403.00,32.67
102962,Sweden,2021-07-01,1090553.00,22080.00,14630.00,179.00,23.00
102993,Sweden,2021-08-01,1100040.00,9487.00,14655.00,25.00,22.00
111626,United Kingdom,2020-03-01,94.00,92.00,,,2.50
111657,United Kingdom,2020-04-01,43789.00,43695.00,3130.00,,10.25
111687,United Kingdom,2020-05-01,183501.00,139712.00,27454.00,24324.00,18.00
111718,United Kingdom,2020-06-01,258983.00,75482.00,37613.00,10159.00,26.33
111748,United Kingdom,2020-07-01,285279.00,26296.00,40576.00,2963.00,50.00
111779,United Kingdom,2020-08-01,305562.00,20283.00,41287.00,711.00,71.33
111810,United Kingdom,2020-09-01,339415.00,33853.00,41592.00,305.00,74.33
111840,United Kingdom,2020-10-01,462777.00,123362.00,42292.00,700.00,75.00
111871,United Kingdom,2020-11-01,1038056.00,575279.00,46807.00,4515.00,74.50
111901,United Kingdom,2020-12-01,1647233.00,609177.00,59148.00,12341.00,76.50
111932,United Kingdom,2021-01-01,2549693.00,902460.00,74237.00,15089.00,73.33
111963,United Kingdom,2021-02-01,3846855.00,1297162.00,106774.00,32537.00,75.50
111991,United Kingdom,2021-03-01,4194289.00,347434.00,123187.00,16413.00,73.00
112022,United Kingdom,2021-04-01,4364547.00,170258.00,127006.00,3819.00,73.00
112052,United Kingdom,2021-05-01,4434157.00,69610.00,127782.00,776.00,72.50
112083,United Kingdom,2021-06-01,4506333.00,72176.00,128045.00,263.00,72.00
112113,United Kingdom,2021-07-01,4844944.00,338611.00,128426.00,381.00,67.67
112144,United Kingdom,2021-08-01,5907594.00,1062650.00,130014.00,1588.00,64.00
79655,Norway,2020-03-01,19.00,19.00,,,3.33
1610,Alabama,2020-04-01,1108.00,1108,28.00,28,24.67
3260,Alabama,2020-05-01,8402.00,7294,317.00,289,30.13
4965,Alabama,2020-06-01,26936.00,18534,963.00,646,27.60
6615,Alabama,2020-07-01,65898.00,38962,1935.00,972,62.68
8320,Alabama,2020-08-01,155247.00,89349,3538.00,1603,65.35
10025,Alabama,2020-09-01,282863.00,127616,5738.00,2200,59.83
1611,Alaska,2020-04-01,143.00,143,2.00,2,33.30
3261,Alaska,2020-05-01,505.00,362,9.00,7,42.42
4966,Alaska,2020-06-01,981.00,476,17.00,8,46.03
6616,Alaska,2020-07-01,2155.00,1174,29.00,12,57.45
8321,Alaska,2020-08-01,5980.00,3825,51.00,22,56.84
10026,Alaska,2020-09-01,12089.00,6109,87.00,36,52.33
1612,Arizona,2020-04-01,1415.00,1413,29.00,29,14.90
3262,Arizona,2020-05-01,9377.00,7962,359.00,330,17.55
4967,Arizona,2020-06-01,29500.00,20123,1277.00,918,21.77
6617,Arizona,2020-07-01,113652.00,84152,3003.00,1726,83.13
8322,Arizona,2020-08-01,290671.00,177019,6756.00,3753,87.26
10027,Arizona,2020-09-01,493046.00,202375,11804.00,5048,67.97
1613,Arkansas,2020-04-01,624.00,624,10.00,10,27.57
3263,Arkansas,2020-05-01,3934.00,3310,74.00,64,38.19
4968,Arkansas,2020-06-01,11377.00,7443,207.00,133,36.90
6618,Arkansas,2020-07-01,32574.00,21197,484.00,277,58.26
8323,Arkansas,2020-08-01,75747.00,43173,942.00,458,59.00
10028,Arkansas,2020-09-01,137244.00,61497,1756.00,814,60.20
1614,California,2020-04-01,9893.00,9857,212.00,212,38.07
3264,California,2020-05-01,62211.00,52318,2359.00,2147,45.23
4969,California,2020-06-01,177854.00,115643,6646.00,4287,48.70
6619,California,2020-07-01,417618.00,239764,12814.00,6168,74.29
8324,California,2020-08-01,927125.00,509507,22179.00,9365,74.61
10029,California,2020-09-01,1643755.00,716630,35328.00,13149,72.47
1615,Colorado,2020-04-01,3346.00,3346,80.00,80,31.10
251,Utah,2020-04-01,1.00,1,0.00,0,
3265,Colorado,2020-05-01,19007.00,15661,898.00,818,45.71
4970,Colorado,2020-06-01,45570.00,26563,2356.00,1458,48.00
6620,Colorado,2020-07-01,78582.00,33012,4053.00,1697,61.13
8325,Colorado,2020-08-01,125939.00,47357,5899.00,1846,61.71
10030,Colorado,2020-09-01,184057.00,58118,7852.00,1953,63.57
1616,Connecticut,2020-04-01,3557.00,3557,85.00,85,22.97
3266,Connecticut,2020-05-01,32321.00,28764,2424.00,2339,47.68
4971,Connecticut,2020-06-01,75061.00,42740,6388.00,3964,55.40
6621,Connecticut,2020-07-01,121633.00,46572,10712.00,4324,78.55
8326,Connecticut,2020-08-01,171443.00,49810,15144.00,4432,73.35
10031,Connecticut,2020-09-01,224449.00,53006,19610.00,4466,71.37
1617,Delaware,2020-04-01,368.00,368,11.00,11,25.47
3267,Delaware,2020-05-01,5286.00,4918,170.00,159,36.39
4972,Delaware,2020-06-01,14891.00,9605,538.00,368,39.83
6622,Delaware,2020-07-01,26401.00,11510,1047.00,509,65.74
8327,Delaware,2020-08-01,41278.00,14877,1632.00,585,68.42
10032,Delaware,2020-09-01,58813.00,17535,2237.00,605,70.90
1618,District of Columbia,2020-04-01,586.00,586,11.00,11,25.63
3268,District of Columbia,2020-05-01,5244.00,4658,242.00,231,36.39
4973,District of Columbia,2020-06-01,14101.00,8857,710.00,468,39.87
6623,District of Columbia,2020-07-01,24466.00,10365,1263.00,553,69.39
8328,District of Columbia,2020-08-01,36671.00,12205,1848.00,585,71.77
10033,District of Columbia,2020-09-01,50720.00,14049,2455.00,607,72.33
1619,Florida,2020-04-01,7771.00,7769,100.00,100,35.03
3269,Florida,2020-05-01,42491.00,34720,1413.00,1313,43.45
4974,Florida,2020-06-01,99313.00,56822,3872.00,2459,45.10
6624,Florida,2020-07-01,258302.00,158989,7421.00,3549,66.90
8329,Florida,2020-08-01,738322.00,480020,14442.00,7021,71.65
10034,Florida,2020-09-01,1369354.00,631032,25815.00,11373,65.93
1620,Georgia,2020-04-01,4747.00,4747,154.00,154,24.60
3270,Georgia,2020-05-01,31183.00,26436,1307.00,1153,32.13
4975,Georgia,2020-06-01,76940.00,45757,3364.00,2057,34.77
6625,Georgia,2020-07-01,156529.00,79589,6143.00,2779,57.61
8330,Georgia,2020-08-01,331363.00,174834,9887.00,3744,59.97
10035,Georgia,2020-09-01,587907.00,256544,15491.00,5604,58.27
1622,Hawaii,2020-04-01,258.00,258,1.00,1,34.10
3272,Hawaii,2020-05-01,868.00,610,17.00,16,42.52
4977,Hawaii,2020-06-01,1510.00,642,34.00,17,46.40
6627,Hawaii,2020-07-01,2419.00,909,52.00,18,78.10
8332,Hawaii,2020-08-01,4593.00,2174,77.00,25,77.58
10037,Hawaii,2020-09-01,13221.00,8628,150.00,73,73.77
1623,Idaho,2020-04-01,669.00,669,9.00,9,20.80
3273,Idaho,2020-05-01,2704.00,2035,72.00,63,28.03
4978,Idaho,2020-06-01,5612.00,2908,155.00,83,34.00
6628,Idaho,2020-07-01,11991.00,6379,247.00,92,44.35
8333,Idaho,2020-08-01,33222.00,21231,444.00,197,41.06
10038,Idaho,2020-09-01,65925.00,32703,814.00,370,42.60
1624,Illinois,2020-04-01,6983.00,6978,146.00,146,21.63
3274,Illinois,2020-05-01,63038.00,56055,2610.00,2464,30.87
4979,Illinois,2020-06-01,184704.00,121666,8068.00,5458,32.40
6629,Illinois,2020-07-01,330245.00,145541,15228.00,7160,65.65
8334,Illinois,2020-08-01,512477.00,182232,22935.00,7707,61.52
10039,Illinois,2020-09-01,751592.00,239115,31234.00,8299,64.63
1625,Indiana,2020-04-01,2578.00,2578,80.00,80,22.67
3275,Indiana,2020-05-01,21519.00,18941,1255.00,1175,23.71
4980,Indiana,2020-06-01,57203.00,35684,3397.00,2142,19.63
6630,Indiana,2020-07-01,104319.00,47116,6047.00,2650,52.71
8335,Indiana,2020-08-01,173092.00,68773,9018.00,2971,61.90
10040,Indiana,2020-09-01,270080.00,96988,12330.00,3312,59.23
1626,Iowa,2020-04-01,549.00,549,9.00,9,21.63
3276,Iowa,2020-05-01,8432.00,7883,179.00,170,24.61
4981,Iowa,2020-06-01,28221.00,19789,737.00,558,30.50
6631,Iowa,2020-07-01,57839.00,29618,1454.00,717,50.48
8336,Iowa,2020-08-01,103132.00,45293,2328.00,874,48.61
10041,Iowa,2020-09-01,168978.00,65846,3453.00,1125,48.10
1627,Kansas,2020-04-01,489.00,489,11.00,11,25.00
3277,Kansas,2020-05-01,4999.00,4510,147.00,136,24.61
4982,Kansas,2020-06-01,15102.00,10103,364.00,217,30.50
6632,Kansas,2020-07-01,30244.00,15142,644.00,280,50.84
8337,Kansas,2020-08-01,58391.00,28147,1002.00,358,49.58
10042,Kansas,2020-09-01,101882.00,43491,1456.00,454,55.37
1628,Kentucky,2020-04-01,674.00,674,20.00,20,17.20
3278,Kentucky,2020-05-01,5553.00,4879,268.00,248,25.52
4983,Kentucky,2020-06-01,15703.00,10150,713.00,445,36.87
6633,Kentucky,2020-07-01,31817.00,16114,1310.00,597,73.61
8338,Kentucky,2020-08-01,63429.00,31612,2068.00,758,70.48
10043,Kentucky,2020-09-01,115191.00,51762,3051.00,983,63.30
1629,Louisiana,2020-04-01,6424.00,6424,275.00,275,27.63
3279,Louisiana,2020-05-01,35178.00,28754,2245.00,1970,38.19
4984,Louisiana,2020-06-01,75630.00,40452,5046.00,2801,36.90
6634,Louisiana,2020-07-01,135916.00,60286,8284.00,3238,56.87
8339,Louisiana,2020-08-01,252310.00,116394,12233.00,3949,58.06
10044,Louisiana,2020-09-01,401893.00,149583,17217.00,4984,57.53
1630,Maine,2020-04-01,344.00,344,7.00,7,22.97
3280,Maine,2020-05-01,1467.00,1123,62.00,55,47.68
4985,Maine,2020-06-01,3816.00,2349,151.00,89,55.40
6635,Maine,2020-07-01,7110.00,3294,256.00,105,70.97
8340,Maine,2020-08-01,11047.00,3937,379.00,123,65.03
10045,Maine,2020-09-01,15595.00,4548,511.00,132,61.10
1631,Maryland,2020-04-01,1985.00,1985,33.00,33,23.87
3281,Maryland,2020-05-01,25551.00,23566,1225.00,1192,36.35
4986,Maryland,2020-06-01,79586.00,54035,3777.00,2552,39.87
6636,Maryland,2020-07-01,148088.00,68502,6982.00,3205,71.10
8341,Maryland,2020-08-01,238013.00,89925,10488.00,3506,73.42
10046,Maryland,2020-09-01,347366.00,109353,14249.00,3761,71.90
1632,Massachusetts,2020-04-01,7740.00,7738,122.00,122,23.10
3282,Massachusetts,2020-05-01,72051.00,64311,3838.00,3716,47.68
4987,Massachusetts,2020-06-01,172856.00,100805,10873.00,7035,55.40
6637,Massachusetts,2020-07-01,281999.00,109143,18954.00,8081,79.65
8342,Massachusetts,2020-08-01,400039.00,118040,27580.00,8626,74.65
10047,Massachusetts,2020-09-01,528927.00,128888,36644.00,9064,71.70
1633,Michigan,2020-04-01,9292.00,9292,336.00,336,30.23
3283,Michigan,2020-05-01,51640.00,42348,4202.00,3866,37.42
4988,Michigan,2020-06-01,110075.00,58435,9727.00,5525,37.40
6638,Michigan,2020-07-01,181354.00,71279,15929.00,6202,74.65
8343,Michigan,2020-08-01,272804.00,91450,22389.00,6460,73.94
10048,Michigan,2020-09-01,386773.00,113969,29159.00,6770,65.03
1634,Minnesota,2020-04-01,689.00,689,17.00,17,21.70
3284,Minnesota,2020-05-01,6419.00,5730,388.00,371,24.61
4989,Minnesota,2020-06-01,31637.00,25218,1448.00,1060,30.50
6639,Minnesota,2020-07-01,68390.00,36753,2930.00,1482,59.32
8344,Minnesota,2020-08-01,123618.00,55228,4576.00,1646,57.71
10049,Minnesota,2020-09-01,200022.00,76404,6448.00,1872,61.83
1635,Mississippi,2020-04-01,1073.00,1073,22.00,22,18.03
3285,Mississippi,2020-05-01,8285.00,7212,303.00,281,27.84
4990,Mississippi,2020-06-01,24037.00,15752,1042.00,739,30.77
6640,Mississippi,2020-07-01,51937.00,27900,2124.00,1082,42.48
8345,Mississippi,2020-08-01,111818.00,59881,3817.00,1693,53.03
10050,Mississippi,2020-09-01,195402.00,83584,6310.00,2493,60.97
1636,Missouri,2020-04-01,1580.00,1580,21.00,21,21.83
3286,Missouri,2020-05-01,9420.00,7840,376.00,355,26.23
4991,Missouri,2020-06-01,22943.00,13523,1162.00,786,34.67
6641,Missouri,2020-07-01,45538.00,22595,2211.00,1049,59.74
8346,Missouri,2020-08-01,97550.00,52012,3522.00,1311,47.43
10051,Missouri,2020-09-01,184964.00,87414,5173.00,1651,51.57
1637,Montana,2020-04-01,219.00,219,5.00,5,21.00
3287,Montana,2020-05-01,671.00,452,21.00,16,28.03
4992,Montana,2020-06-01,1190.00,519,38.00,17,34.00
6642,Montana,2020-07-01,2206.00,1016,60.00,22,57.61
8347,Montana,2020-08-01,6287.00,4081,121.00,61,52.80
10052,Montana,2020-09-01,13813.00,7526,226.00,105,51.63
1638,Nebraska,2020-04-01,262.00,249,5.00,5,21.67
3288,Nebraska,2020-05-01,5100.00,4838,77.00,72,24.61
4993,Nebraska,2020-06-01,19445.00,14345,260.00,183,31.03
6643,Nebraska,2020-07-01,38770.00,19325,542.00,282,48.52
8348,Nebraska,2020-08-01,65161.00,26391,880.00,338,46.20
10053,Nebraska,2020-09-01,99735.00,34574,1285.00,405,50.43
1639,Nevada,2020-04-01,1279.00,1279,32.00,32,21.27
3289,Nevada,2020-05-01,6528.00,5249,286.00,254,28.03
4994,Nevada,2020-06-01,15229.00,8701,706.00,420,34.00
6644,Nevada,2020-07-01,34380.00,19151,1218.00,512,69.40
8349,Nevada,2020-08-01,83587.00,49207,2050.00,832,66.40
10054,Nevada,2020-09-01,153295.00,69708,3363.00,1313,66.73
1640,New Hampshire,2020-04-01,415.00,415,4.00,4,23.10
3290,New Hampshire,2020-05-01,2725.00,2310,85.00,81,47.52
4995,New Hampshire,2020-06-01,7410.00,4685,330.00,245,54.73
6645,New Hampshire,2020-07-01,13212.00,5802,703.00,373,72.60
8350,New Hampshire,2020-08-01,19825.00,6613,1119.00,416,67.00
10055,New Hampshire,2020-09-01,27122.00,7297,1551.00,432,63.23
1641,New Jersey,2020-04-01,22255.00,22255,355.00,355,37.20
3291,New Jersey,2020-05-01,143445.00,121190,7893.00,7538,50.03
4996,New Jersey,2020-06-01,304363.00,160918,19614.00,11721,50.60
6646,New Jersey,2020-07-01,478145.00,173782,34692.00,15078,70.80
8351,New Jersey,2020-08-01,662049.00,183904,50522.00,15830,67.80
10056,New Jersey,2020-09-01,856119.00,194070,66472.00,15950,68.47
1642,New Mexico,2020-04-01,363.00,363,6.00,6,21.00
3292,New Mexico,2020-05-01,3876.00,3513,137.00,131,28.03
4997,New Mexico,2020-06-01,11676.00,7800,499.00,362,34.00
6647,New Mexico,2020-07-01,23952.00,12276,999.00,500,72.00
8352,New Mexico,2020-08-01,44748.00,20796,1650.00,651,69.60
10057,New Mexico,2020-09-01,70208.00,25460,2437.00,787,70.37
1643,New York,2020-04-01,84365.00,84364,2415.00,2415,36.17
3293,New York,2020-05-01,397940.00,313575,26256.00,23841,46.16
4998,New York,2020-06-01,774460.00,376520,56022.00,29766,56.43
6648,New York,2020-07-01,1173230.00,398770,87813.00,31791,80.60
8353,New York,2020-08-01,1593707.00,420477,120203.00,32390,69.60
10058,New York,2020-09-01,2033944.00,440237,152754.00,32551,71.67
1644,North Carolina,2020-04-01,1591.00,1591,11.00,11,27.03
3294,North Carolina,2020-05-01,12513.00,10922,416.00,405,31.39
4999,North Carolina,2020-06-01,41881.00,29368,1339.00,923,37.30
6649,North Carolina,2020-07-01,108696.00,66815,2728.00,1389,53.20
8354,North Carolina,2020-08-01,232711.00,124015,4717.00,1989,56.00
10059,North Carolina,2020-09-01,402677.00,169966,7486.00,2769,61.20
1645,North Dakota,2020-04-01,147.00,147,3.00,3,21.30
3295,North Dakota,2020-05-01,1254.00,1107,26.00,23,24.61
5000,North Dakota,2020-06-01,3882.00,2628,90.00,64,30.50
6650,North Dakota,2020-07-01,7506.00,3624,179.00,89,36.80
8355,North Dakota,2020-08-01,14112.00,6606,286.00,107,37.20
10060,North Dakota,2020-09-01,26116.00,12004,435.00,149,39.63
1647,Ohio,2020-04-01,2548.00,2548,65.00,65,18.73
3297,Ohio,2020-05-01,21291.00,18743,1067.00,1002,25.77
5002,Ohio,2020-06-01,57275.00,35984,3273.00,2206,29.00
6652,Ohio,2020-07-01,110140.00,52865,6149.00,2876,56.20
8357,Ohio,2020-08-01,202227.00,92087,9664.00,3515,59.60
10062,Ohio,2020-09-01,326837.00,124610,13829.00,4165,60.10
1648,Oklahoma,2020-04-01,719.00,719,30.00,30,27.87
3298,Oklahoma,2020-05-01,4467.00,3748,260.00,230,38.19
5003,Oklahoma,2020-06-01,11040.00,6573,594.00,334,36.90
6653,Oklahoma,2020-07-01,25152.00,14112,983.00,389,48.80
8358,Oklahoma,2020-08-01,62858.00,37706,1532.00,549,51.00
10063,Oklahoma,2020-09-01,122257.00,59399,2341.00,809,50.50
1649,Oregon,2020-04-01,739.00,737,19.00,19,24.47
3299,Oregon,2020-05-01,3318.00,2579,123.00,104,31.55
5004,Oregon,2020-06-01,7621.00,4303,277.00,154,33.00
6654,Oregon,2020-07-01,16640.00,9019,488.00,211,65.00
8359,Oregon,2020-08-01,35457.00,18817,817.00,329,58.60
10064,Oregon,2020-09-01,62415.00,26958,1284.00,467,60.93
1650,Pennsylvania,2020-04-01,5805.00,5805,78.00,78,32.20
3300,Pennsylvania,2020-05-01,55569.00,49764,2749.00,2671,51.20
5005,Pennsylvania,2020-06-01,132303.00,76734,8323.00,5574,51.57
6655,Pennsylvania,2020-07-01,224167.00,91864,15027.00,6704,66.37
8360,Pennsylvania,2020-08-01,341635.00,117468,22297.00,7270,60.37
10065,Pennsylvania,2020-09-01,481226.00,139591,30061.00,7764,63.43
1652,Rhode Island,2020-04-01,568.00,566,10.00,10,22.30
3302,Rhode Island,2020-05-01,9530.00,8962,289.00,279,45.80
5007,Rhode Island,2020-06-01,24521.00,14991,1009.00,720,55.20
6657,Rhode Island,2020-07-01,41374.00,16853,1965.00,956,77.83
8362,Rhode Island,2020-08-01,60396.00,19022,2972.00,1007,73.63
10067,Rhode Island,2020-09-01,82398.00,22002,4022.00,1050,71.27
1653,South Carolina,2020-04-01,1293.00,1293,26.00,26,17.87
3303,South Carolina,2020-05-01,7551.00,6258,282.00,256,27.23
5008,South Carolina,2020-06-01,19699.00,12148,782.00,500,29.43
6658,South Carolina,2020-07-01,57618.00,37919,1548.00,766,58.53
8363,South Carolina,2020-08-01,148217.00,90599,3299.00,1751,71.20
10068,South Carolina,2020-09-01,268063.00,119846,6056.00,2757,60.90
1654,South Dakota,2020-04-01,129.00,129,1.00,1,21.47
3304,South Dakota,2020-05-01,2654.00,2525,22.00,21,24.60
5009,South Dakota,2020-06-01,7688.00,5034,84.00,62,30.50
6659,South Dakota,2020-07-01,14514.00,6826,177.00,93,33.80
8364,South Dakota,2020-08-01,23381.00,8867,311.00,134,33.67
10069,South Dakota,2020-09-01,37130.00,13749,478.00,167,37.50
1655,Tennessee,2020-04-01,2689.00,2689,23.00,23,17.47
3305,Tennessee,2020-05-01,14470.00,11781,228.00,205,22.47
5010,Tennessee,2020-06-01,37712.00,23242,589.00,361,24.53
6660,Tennessee,2020-07-01,82072.00,44360,1191.00,602,50.97
8365,Tennessee,2020-08-01,187527.00,105455,2247.00,1056,57.53
10070,Tennessee,2020-09-01,340801.00,153274,4000.00,1753,55.00
1656,Texas,2020-04-01,4413.00,4402,65.00,65,32.40
3306,Texas,2020-05-01,34755.00,30342,918.00,853,43.77
5011,Texas,2020-06-01,100836.00,66081,2613.00,1695,42.47
6661,Texas,2020-07-01,275662.00,174826,5131.00,2518,66.00
8366,Texas,2020-08-01,723886.00,448224,12608.00,7477,69.13
10071,Texas,2020-09-01,1369420.00,645534,25612.00,13004,67.93
1657,Utah,2020-04-01,1013.00,1012,7.00,7,21.23
3307,Utah,2020-05-01,5842.00,4829,53.00,46,27.93
5012,Utah,2020-06-01,15868.00,10026,166.00,113,34.00
6662,Utah,2020-07-01,38732.00,22864,339.00,173,57.70
8367,Utah,2020-08-01,79486.00,40754,651.00,312,54.40
10072,Utah,2020-09-01,131991.00,52505,1061.00,410,54.30
1658,Vermont,2020-04-01,321.00,321,16.00,16,21.63
3308,Vermont,2020-05-01,1200.00,879,65.00,49,45.80
5013,Vermont,2020-06-01,2183.00,983,120.00,55,55.20
6663,Vermont,2020-07-01,3393.00,1210,176.00,56,76.60
8368,Vermont,2020-08-01,4814.00,1421,233.00,57,72.53
10073,Vermont,2020-09-01,6449.00,1635,291.00,58,69.37
1660,Virginia,2020-04-01,1511.00,1511,18.00,18,25.03
3310,Virginia,2020-05-01,18412.00,16901,599.00,581,40.57
5015,Virginia,2020-06-01,63810.00,45398,1991.00,1392,49.70
6665,Virginia,2020-07-01,127013.00,63203,3777.00,1786,77.13
8370,Virginia,2020-08-01,217814.00,90801,5992.00,2215,79.43
10075,Virginia,2020-09-01,339429.00,121615,8604.00,2612,64.80
1661,Washington,2020-04-01,5607.00,5589,253.00,250,22.53
3311,Washington,2020-05-01,20741.00,15134,1082.00,829,35.40
5016,Washington,2020-06-01,44013.00,23272,2215.00,1133,42.80
6666,Washington,2020-07-01,79271.00,35258,3555.00,1340,63.60
8371,Washington,2020-08-01,138919.00,59648,5230.00,1675,62.93
10076,Washington,2020-09-01,216980.00,78061,7248.00,2018,66.70
1662,West Virginia,2020-04-01,191.00,191,2.00,2,22.57
3312,West Virginia,2020-05-01,1343.00,1152,49.00,47,36.30
5017,West Virginia,2020-06-01,3371.00,2028,125.00,76,39.87
6667,West Virginia,2020-07-01,6350.00,2979,218.00,93,60.40
8372,West Virginia,2020-08-01,13085.00,6735,334.00,116,63.07
10077,West Virginia,2020-09-01,23592.00,10507,556.00,222,58.40
1663,Wisconsin,2020-04-01,1553.00,1552,33.00,33,22.47
3313,Wisconsin,2020-05-01,8992.00,7439,360.00,327,29.57
5018,Wisconsin,2020-06-01,27817.00,18825,957.00,597,31.07
6668,Wisconsin,2020-07-01,60124.00,32307,1751.00,794,60.43
8373,Wisconsin,2020-08-01,118188.00,58064,2706.00,955,59.67
10078,Wisconsin,2020-09-01,199876.00,81688,3847.00,1141,59.33
1664,Wyoming,2020-04-01,138.00,138,0.00,0,20.83
3314,Wyoming,2020-05-01,704.00,566,7.00,7,27.93
5019,Wyoming,2020-06-01,1614.00,910,24.00,17,34.00
6669,Wyoming,2020-07-01,3128.00,1514,44.00,20,36.63
8374,Wyoming,2020-08-01,5897.00,2769,70.00,26,34.77
10079,Wyoming,2020-09-01,9763.00,3866,111.00,41,31.60
1610,Alabama,2020-04-01,1108.00,1108,28.00,28,
3260,Alabama,2020-04-01,8402.00,7294,317.00,289,
4965,Alabama,2020-04-01,26936.00,18534,963.00,646,
6615,Alabama,2020-04-01,65898.00,38962,1935.00,972,
8320,Alabama,2020-04-01,155247.00,89349,3538.00,1603,
10025,Alabama,2020-04-01,282863.00,127616,5738.00,2200,
11675,Alabama,2020-04-01,438607.00,155744,8286.00,2548,
13380,Alabama,2020-04-01,632592.00,193985,11259.00,2973,
15030,Alabama,2020-04-01,885492.00,252900,14897.00,3638,
16735,Alabama,2020-04-01,1251239.00,365747,19769.00,4872,
18440,Alabama,2020-04-01,1712099.00,460860,27457.00,7688,
19980,Alabama,2020-04-01,2205868.00,493769,37388.00,9931,
21685,Alabama,2020-04-01,2721734.00,515866,47941.00,10553,
23335,Alabama,2020-04-01,3250043.00,528309,58854.00,10913,
25040,Alabama,2020-04-01,3794088.00,544045,70010.00,11156,
26690,Alabama,2020-04-01,4345071.00,550983,81362.00,11352,
28395,Alabama,2020-04-01,4932476.00,587405,92898.00,11536,
1611,Alaska,2020-04-01,143.00,143,2.00,2,
3261,Alaska,2020-04-01,505.00,362,9.00,7,
4966,Alaska,2020-04-01,981.00,476,17.00,8,
6616,Alaska,2020-04-01,2155.00,1174,29.00,12,
8321,Alaska,2020-04-01,5980.00,3825,51.00,22,
10026,Alaska,2020-04-01,12089.00,6109,87.00,36,
11676,Alaska,2020-04-01,20927.00,8838,140.00,53,
13381,Alaska,2020-04-01,37524.00,16597,218.00,78,
15031,Alaska,2020-04-01,70435.00,32911,334.00,116,
16736,Alaska,2020-04-01,117175.00,46740,532.00,198,
18441,Alaska,2020-04-01,171266.00,54091,785.00,253,
19981,Alaska,2020-04-01,229495.00,58229,1074.00,289,
21686,Alaska,2020-04-01,292280.00,62785,1373.00,299,
23336,Alaska,2020-04-01,359878.00,67598,1703.00,330,
25041,Alaska,2020-04-01,429615.00,69737,2055.00,352,
26691,Alaska,2020-04-01,500284.00,70669,2415.00,360,
28396,Alaska,2020-04-01,575137.00,74853,2787.00,372,
33,Arizona,2020-04-01,1.00,1,0.00,0,
241,Arizona,2020-04-01,2.00,1,0.00,0,
1612,Arizona,2020-04-01,1415.00,1413,29.00,29,
3262,Arizona,2020-04-01,9377.00,7962,359.00,330,
4967,Arizona,2020-04-01,29500.00,20123,1277.00,918,
6617,Arizona,2020-04-01,113652.00,84152,3003.00,1726,
8322,Arizona,2020-04-01,290671.00,177019,6756.00,3753,
10027,Arizona,2020-04-01,493046.00,202375,11804.00,5048,
11677,Arizona,2020-04-01,712260.00,219214,17478.00,5674,
13382,Arizona,2020-04-01,959744.00,247484,23459.00,5981,
15032,Arizona,2020-04-01,1297998.00,338254,30151.00,6692,
16737,Arizona,2020-04-01,1828265.00,530267,39166.00,9015,
18442,Arizona,2020-04-01,2590723.00,762458,52290.00,13124,
19982,Arizona,2020-04-01,3408991.00,818268,68269.00,15979,
21687,Arizona,2020-04-01,4251191.00,842200,85246.00,16977,
23337,Arizona,2020-04-01,5114762.00,863571,102584.00,17338,
25042,Arizona,2020-04-01,5996216.00,881454,120212.00,17628,
26692,Arizona,2020-04-01,6891563.00,895347,138151.00,17939,
28397,Arizona,2020-04-01,7821104.00,929541,156402.00,18251,
1613,Arkansas,2020-04-01,624.00,624,10.00,10,
3263,Arkansas,2020-04-01,3934.00,3310,74.00,64,
4968,Arkansas,2020-04-01,11377.00,7443,207.00,133,
6618,Arkansas,2020-04-01,32574.00,21197,484.00,277,
8323,Arkansas,2020-04-01,75747.00,43173,942.00,458,
10028,Arkansas,2020-04-01,137244.00,61497,1756.00,814,
11678,Arkansas,2020-04-01,222065.00,84821,3140.00,1384,
13383,Arkansas,2020-04-01,335122.00,113057,5098.00,1958,
15033,Arkansas,2020-04-01,494431.00,159309,7610.00,2512,
16738,Arkansas,2020-04-01,723873.00,229442,11321.00,3711,
18443,Arkansas,2020-04-01,1020367.00,296494,16216.00,4895,
19983,Arkansas,2020-04-01,1342876.00,322509,21466.00,5250,
21688,Arkansas,2020-04-01,1673485.00,330609,27102.00,5636,
23338,Arkansas,2020-04-01,2009453.00,335968,32843.00,5741,
25043,Arkansas,2020-04-01,2350903.00,341450,38677.00,5834,
26693,Arkansas,2020-04-01,2700988.00,350085,44586.00,5909,
28398,Arkansas,2020-04-01,3089424.00,388436,50743.00,6157,
34,California,2020-04-01,3.00,3,0.00,0,
242,California,2020-04-01,36.00,33,0.00,0,
1614,California,2020-04-01,9893.00,9857,212.00,212,
3264,California,2020-04-01,62211.00,52318,2359.00,2147,
4969,California,2020-04-01,177854.00,115643,6646.00,4287,
6619,California,2020-04-01,417618.00,239764,12814.00,6168,
8324,California,2020-04-01,927125.00,509507,22179.00,9365,
10029,California,2020-04-01,1643755.00,716630,35328.00,13149,
11679,California,2020-04-01,2468062.00,824307,51317.00,15989,
13384,California,2020-04-01,3406959.00,938897,68988.00,17671,
15034,California,2020-04-01,4660864.00,1253905,88315.00,19327,
16739,California,2020-04-01,7006675.00,2345811,114551.00,26236,
18444,California,2020-04-01,10348331.00,3341656,155835.00,41284,
19984,California,2020-04-01,13922106.00,3573775,208322.00,52487,
21689,California,2020-04-01,17593796.00,3671690,267718.00,59396,
23339,California,2020-04-01,21337576.00,3743780,329571.00,61853,
25044,California,2020-04-01,25128764.00,3791188,392831.00,63260,
26694,California,2020-04-01,28995370.00,3866606,456540.00,63709,
28399,California,2020-04-01,33036181.00,4040811,520957.00,64417,
1615,Colorado,2020-04-01,3346.00,3346,80.00,80,
3265,Colorado,2020-04-01,19007.00,15661,898.00,818,
4970,Colorado,2020-04-01,45570.00,26563,2356.00,1458,
6620,Colorado,2020-04-01,78582.00,33012,4053.00,1697,
8325,Colorado,2020-04-01,125939.00,47357,5899.00,1846,
10030,Colorado,2020-04-01,184057.00,58118,7852.00,1953,
11680,Colorado,2020-04-01,255780.00,71723,9916.00,2064,
13385,Colorado,2020-04-01,366420.00,110640,12228.00,2312,
15035,Colorado,2020-04-01,605199.00,238779,15364.00,3136,
16740,Colorado,2020-04-01,943556.00,338357,20300.00,4936,
18445,Colorado,2020-04-01,1342940.00,399384,26037.00,5737,
19985,Colorado,2020-04-01,1775126.00,432186,32083.00,6046,
21690,Colorado,2020-04-01,2241494.00,466368,38266.00,6183,
23340,Colorado,2020-04-01,2756619.00,515125,44700.00,6434,
25045,Colorado,2020-04-01,3303215.00,546596,51423.00,6723,
26695,Colorado,2020-04-01,3864675.00,561460,58375.00,6952,
28400,Colorado,2020-04-01,4443388.00,578713,65472.00,7097,
1616,Connecticut,2020-04-01,3557.00,3557,85.00,85,
3266,Connecticut,2020-04-01,32321.00,28764,2424.00,2339,
4971,Connecticut,2020-04-01,75061.00,42740,6388.00,3964,
6621,Connecticut,2020-04-01,121633.00,46572,10712.00,4324,
8326,Connecticut,2020-04-01,171443.00,49810,15144.00,4432,
10031,Connecticut,2020-04-01,224449.00,53006,19610.00,4466,
11681,Connecticut,2020-04-01,282191.00,57742,24121.00,4511,
13386,Connecticut,2020-04-01,353398.00,71207,28737.00,4616,
15036,Connecticut,2020-04-01,472152.00,118754,33777.00,5040,
16741,Connecticut,2020-04-01,657860.00,185708,39772.00,5995,
18446,Connecticut,2020-04-01,911814.00,253954,46891.00,7119,
19986,Connecticut,2020-04-01,1194440.00,282626,54542.00,7651,
21691,Connecticut,2020-04-01,1506908.00,312468,62442.00,7900,
23341,Connecticut,2020-04-01,1846141.00,339233,70539.00,8097,
25046,Connecticut,2020-04-01,2193704.00,347563,78783.00,8244,
26696,Connecticut,2020-04-01,2543091.00,349387,87062.00,8279,
28401,Connecticut,2020-04-01,2897426.00,354335,95355.00,8293,
1617,Delaware,2020-04-01,368.00,368,11.00,11,
3267,Delaware,2020-04-01,5286.00,4918,170.00,159,
4972,Delaware,2020-04-01,14891.00,9605,538.00,368,
6622,Delaware,2020-04-01,26401.00,11510,1047.00,509,
8327,Delaware,2020-04-01,41278.00,14877,1632.00,585,
10032,Delaware,2020-04-01,58813.00,17535,2237.00,605,
11682,Delaware,2020-04-01,79600.00,20787,2873.00,636,
13387,Delaware,2020-04-01,104726.00,25126,3583.00,710,
15037,Delaware,2020-04-01,141069.00,36343,4360.00,777,
16742,Delaware,2020-04-01,199133.00,58064,5290.00,930,
18447,Delaware,2020-04-01,277628.00,78495,6391.00,1101,
19987,Delaware,2020-04-01,364708.00,87080,7813.00,1422,
21692,Delaware,2020-04-01,459896.00,95188,9372.00,1559,
23342,Delaware,2020-04-01,564517.00,104621,10998.00,1626,
25047,Delaware,2020-04-01,673411.00,108894,12659.00,1661,
26697,Delaware,2020-04-01,783181.00,109770,14353.00,1694,
28402,Delaware,2020-04-01,894744.00,111563,16186.00,1833,
1618,District of Columbia,2020-04-01,586.00,586,11.00,11,
3268,District of Columbia,2020-04-01,5244.00,4658,242.00,231,
4973,District of Columbia,2020-04-01,14101.00,8857,710.00,468,
6623,District of Columbia,2020-04-01,24466.00,10365,1263.00,553,
8328,District of Columbia,2020-04-01,36671.00,12205,1848.00,585,
10033,District of Columbia,2020-04-01,50720.00,14049,2455.00,607,
11683,District of Columbia,2020-04-01,66078.00,15358,3083.00,628,
13388,District of Columbia,2020-04-01,83447.00,17369,3729.00,646,
15038,District of Columbia,2020-04-01,105132.00,21685,4414.00,685,
16743,District of Columbia,2020-04-01,134384.00,29252,5202.00,788,
18448,District of Columbia,2020-04-01,171392.00,37008,6118.00,916,
19988,District of Columbia,2020-04-01,212076.00,40684,7137.00,1019,
21693,District of Columbia,2020-04-01,256732.00,44656,8203.00,1066,
23343,District of Columbia,2020-04-01,304532.00,47800,9309.00,1106,
25048,District of Columbia,2020-04-01,353532.00,49000,10443.00,1134,
26698,District of Columbia,2020-04-01,402894.00,49362,11584.00,1141,
28403,District of Columbia,2020-04-01,453292.00,50398,12733.00,1149,
243,Florida,2020-04-01,2.00,2,0.00,0,
1619,Florida,2020-04-01,7771.00,7769,100.00,100,
3269,Florida,2020-04-01,42491.00,34720,1413.00,1313,
4974,Florida,2020-04-01,99313.00,56822,3872.00,2459,
6624,Florida,2020-04-01,258302.00,158989,7421.00,3549,
8329,Florida,2020-04-01,738322.00,480020,14442.00,7021,
10034,Florida,2020-04-01,1369354.00,631032,25815.00,11373,
11684,Florida,2020-04-01,2078490.00,709136,40258.00,14443,
13389,Florida,2020-04-01,2885894.00,807404,57046.00,16788,
15039,Florida,2020-04-01,3894052.00,1008158,75724.00,18678,
16744,Florida,2020-04-01,5217359.00,1323307,97396.00,21672,
18449,Florida,2020-04-01,6944458.00,1727099,124080.00,26684,
19989,Florida,2020-04-01,8855371.00,1910913,155078.00,30998,
21694,Florida,2020-04-01,10919888.00,2064517,188571.00,33493,
23344,Florida,2020-04-01,13158817.00,2238929,223809.00,35238,
25049,Florida,2020-04-01,15485564.00,2326747,260677.00,36868,
26699,Florida,2020-04-01,17817480.00,2331916,298590.00,37913,
28404,Florida,2020-04-01,20408179.00,2590699,337669.00,39079,
1620,Georgia,2020-04-01,4747.00,4747,154.00,154,
3270,Georgia,2020-04-01,31183.00,26436,1307.00,1153,
4975,Georgia,2020-04-01,76940.00,45757,3364.00,2057,
6625,Georgia,2020-04-01,156529.00,79589,6143.00,2779,
8330,Georgia,2020-04-01,331363.00,174834,9887.00,3744,
10035,Georgia,2020-04-01,587907.00,256544,15491.00,5604,
11685,Georgia,2020-04-01,890917.00,303010,22394.00,6903,
13390,Georgia,2020-04-01,1264617.00,373700,30186.00,7792,
15040,Georgia,2020-04-01,1723602.00,458985,39439.00,9253,
16745,Georgia,2020-04-01,2378552.00,654950,50049.00,10610,
18450,Georgia,2020-04-01,3267014.00,888462,63870.00,13821,
19990,Georgia,2020-04-01,4250893.00,983879,80704.00,16834,
21695,Georgia,2020-04-01,5287593.00,1036700,99240.00,18536,
23345,Georgia,2020-04-01,6364640.00,1077047,118826.00,19586,
25050,Georgia,2020-04-01,7464050.00,1099410,139007.00,20181,
26700,Georgia,2020-04-01,8574656.00,1110606,159741.00,20734,
28405,Georgia,2020-04-01,9728150.00,1153494,180719.00,20978,
1621,Guam,2020-04-01,147.00,147,3.00,3,
3271,Guam,2020-04-01,1262.00,1115,9.00,6,
4976,Guam,2020-04-01,2406.00,1144,15.00,6,
6626,Guam,2020-04-01,3646.00,1240,21.00,6,
8331,Guam,2020-04-01,4974.00,1328,27.00,6,
10036,Guam,2020-04-01,7390.00,2416,41.00,14,
11686,Guam,2020-04-01,10909.00,3519,91.00,50,
13391,Guam,2020-04-01,16568.00,5659,171.00,80,
15041,Guam,2020-04-01,24426.00,7858,284.00,113,
16746,Guam,2020-04-01,32721.00,8295,407.00,123,
18451,Guam,2020-04-01,41298.00,8577,537.00,130,
19991,Guam,2020-04-01,50004.00,8706,669.00,132,
21696,Guam,2020-04-01,58783.00,8779,804.00,135,
23346,Guam,2020-04-01,67727.00,8944,941.00,137,
25051,Guam,2020-04-01,76869.00,9142,1081.00,140,
26701,Guam,2020-04-01,86204.00,9335,1222.00,141,
28406,Guam,2020-04-01,95714.00,9510,1366.00,144,
1622,Hawaii,2020-04-01,258.00,258,1.00,1,
3272,Hawaii,2020-04-01,868.00,610,17.00,16,
4977,Hawaii,2020-04-01,1510.00,642,34.00,17,
6627,Hawaii,2020-04-01,2419.00,909,52.00,18,
8332,Hawaii,2020-04-01,4593.00,2174,77.00,25,
10037,Hawaii,2020-04-01,13221.00,8628,150.00,73,
11687,Hawaii,2020-04-01,25881.00,12660,288.00,138,
13392,Hawaii,2020-04-01,41168.00,15287,506.00,218,
15042,Hawaii,2020-04-01,59217.00,18049,748.00,242,
16747,Hawaii,2020-04-01,80953.00,21736,1035.00,287,
18452,Hawaii,2020-04-01,106823.00,25870,1442.00,407,
19992,Hawaii,2020-04-01,134322.00,27499,1878.00,436,
21697,Hawaii,2020-04-01,164210.00,29888,2338.00,460,
23347,Hawaii,2020-04-01,197092.00,32882,2818.00,480,
25052,Hawaii,2020-04-01,232182.00,35090,3315.00,497,
26702,Hawaii,2020-04-01,268617.00,36435,3830.00,515,
28407,Hawaii,2020-04-01,309707.00,41090,4364.00,534,
1623,Idaho,2020-04-01,669.00,669,9.00,9,
3273,Idaho,2020-04-01,2704.00,2035,72.00,63,
4978,Idaho,2020-04-01,5612.00,2908,155.00,83,
6628,Idaho,2020-04-01,11991.00,6379,247.00,92,
8333,Idaho,2020-04-01,33222.00,21231,444.00,197,
10038,Idaho,2020-04-01,65925.00,32703,814.00,370,
11688,Idaho,2020-04-01,108840.00,42915,1287.00,473,
13393,Idaho,2020-04-01,174112.00,65272,1918.00,631,
15043,Idaho,2020-04-01,277754.00,103642,2884.00,966,
16748,Idaho,2020-04-01,419142.00,141388,4322.00,1438,
18453,Idaho,2020-04-01,582433.00,163291,6059.00,1737,
19993,Idaho,2020-04-01,754051.00,171618,7928.00,1869,
21698,Idaho,2020-04-01,935074.00,181023,9895.00,1967,
23348,Idaho,2020-04-01,1122802.00,187728,11943.00,2048,
25053,Idaho,2020-04-01,1315180.00,192378,14035.00,2092,
26703,Idaho,2020-04-01,1510346.00,195166,16191.00,2156,
28408,Idaho,2020-04-01,1710910.00,200564,18390.00,2199,
35,Illinois,2020-04-01,2.00,2,0.00,0,
244,Illinois,2020-04-01,5.00,3,0.00,0,
1624,Illinois,2020-04-01,6983.00,6978,146.00,146,
3274,Illinois,2020-04-01,63038.00,56055,2610.00,2464,
4979,Illinois,2020-04-01,184704.00,121666,8068.00,5458,
6629,Illinois,2020-04-01,330245.00,145541,15228.00,7160,
8334,Illinois,2020-04-01,512477.00,182232,22935.00,7707,
10039,Illinois,2020-04-01,751592.00,239115,31234.00,8299,
11689,Illinois,2020-04-01,1050703.00,299111,40190.00,8956,
13394,Illinois,2020-04-01,1475563.00,424860,50281.00,10091,
15044,Illinois,2020-04-01,2216073.00,740510,63456.00,13175,
16749,Illinois,2020-04-01,3182360.00,966287,81435.00,17979,
18454,Illinois,2020-04-01,4313572.00,1131212,102708.00,21273,
19994,Illinois,2020-04-01,5504779.00,1191207,125467.00,22759,
21699,Illinois,2020-04-01,6756608.00,1251829,149068.00,23601,
23349,Illinois,2020-04-01,8098101.00,1341493,173398.00,24330,
25054,Illinois,2020-04-01,9484721.00,1386620,198631.00,25233,
26704,Illinois,2020-04-01,10880991.00,1396270,224318.00,25687,
28409,Illinois,2020-04-01,12304581.00,1423590,250234.00,25916,
1625,Indiana,2020-04-01,2578.00,2578,80.00,80,
3275,Indiana,2020-04-01,21519.00,18941,1255.00,1175,
4980,Indiana,2020-04-01,57203.00,35684,3397.00,2142,
6630,Indiana,2020-04-01,104319.00,47116,6047.00,2650,
8335,Indiana,2020-04-01,173092.00,68773,9018.00,2971,
10040,Indiana,2020-04-01,270080.00,96988,12330.00,3312,
11690,Indiana,2020-04-01,393539.00,123459,15975.00,3645,
13395,Indiana,2020-04-01,578128.00,184589,20339.00,4364,
15045,Indiana,2020-04-01,925225.00,347097,26203.00,5864,
16750,Indiana,2020-04-01,1445975.00,520750,34574.00,8371,
18455,Indiana,2020-04-01,2077477.00,631502,44563.00,9989,
19995,Indiana,2020-04-01,2742899.00,665422,57158.00,12595,
21700,Indiana,2020-04-01,3433900.00,691001,70206.00,13048,
23350,Indiana,2020-04-01,4158795.00,724895,83544.00,13338,
25055,Indiana,2020-04-01,4906344.00,747549,97172.00,13628,
26705,Indiana,2020-04-01,5664015.00,757671,111027.00,13855,
28410,Indiana,2020-04-01,6438677.00,774662,125032.00,14005,
1626,Iowa,2020-04-01,549.00,549,9.00,9,
3276,Iowa,2020-04-01,8432.00,7883,179.00,170,
4981,Iowa,2020-04-01,28221.00,19789,737.00,558,
6631,Iowa,2020-04-01,57839.00,29618,1454.00,717,
8336,Iowa,2020-04-01,103132.00,45293,2328.00,874,
10041,Iowa,2020-04-01,168978.00,65846,3453.00,1125,
11691,Iowa,2020-04-01,259461.00,90483,4819.00,1366,
13396,Iowa,2020-04-01,390558.00,131097,6552.00,1733,
15046,Iowa,2020-04-01,623620.00,233062,9001.00,2449,
16751,Iowa,2020-04-01,906600.00,282980,12899.00,3898,
18456,Iowa,2020-04-01,1226787.00,320187,17805.00,4906,
19996,Iowa,2020-04-01,1563677.00,336890,23277.00,5472,
21701,Iowa,2020-04-01,1915814.00,352137,29028.00,5751,
23351,Iowa,2020-04-01,2281042.00,365228,34980.00,5952,
25056,Iowa,2020-04-01,2652515.00,371473,41037.00,6057,
26706,Iowa,2020-04-01,3026475.00,373960,47177.00,6140,
28411,Iowa,2020-04-01,3406272.00,379797,53360.00,6183,
1627,Kansas,2020-04-01,489.00,489,11.00,11,
3277,Kansas,2020-04-01,4999.00,4510,147.00,136,
4982,Kansas,2020-04-01,15102.00,10103,364.00,217,
6632,Kansas,2020-04-01,30244.00,15142,644.00,280,
8337,Kansas,2020-04-01,58391.00,28147,1002.00,358,
10042,Kansas,2020-04-01,101882.00,43491,1456.00,454,
11692,Kansas,2020-04-01,162985.00,61103,2134.00,678,
13397,Kansas,2020-04-01,249794.00,86809,3163.00,1029,
15047,Kansas,2020-04-01,410512.00,160718,4723.00,1560,
16752,Kansas,2020-04-01,640864.00,230352,7602.00,2879,
18457,Kansas,2020-04-01,920451.00,279587,11411.00,3809,
19997,Kansas,2020-04-01,1217887.00,297436,16154.00,4743,
21702,Kansas,2020-04-01,1522572.00,304685,21067.00,4913,
23352,Kansas,2020-04-01,1833785.00,311213,26092.00,5025,
25057,Kansas,2020-04-01,2149648.00,315863,31207.00,5115,
26707,Kansas,2020-04-01,2469274.00,319626,36396.00,5189,
28412,Kansas,2020-04-01,2803433.00,334159,41690.00,5294,
1628,Kentucky,2020-04-01,674.00,674,20.00,20,
3278,Kentucky,2020-04-01,5553.00,4879,268.00,248,
4983,Kentucky,2020-04-01,15703.00,10150,713.00,445,
6633,Kentucky,2020-04-01,31817.00,16114,1310.00,597,
8338,Kentucky,2020-04-01,63429.00,31612,2068.00,758,
10043,Kentucky,2020-04-01,115191.00,51762,3051.00,983,
11693,Kentucky,2020-04-01,188810.00,73619,4276.00,1225,
13398,Kentucky,2020-04-01,299410.00,110600,5830.00,1554,
15048,Kentucky,2020-04-01,486695.00,187285,7927.00,2097,
16753,Kentucky,2020-04-01,756165.00,269470,10883.00,2956,
18458,Kentucky,2020-04-01,1124788.00,368623,14878.00,3995,
19998,Kentucky,2020-04-01,1533642.00,408854,19680.00,4802,
21703,Kentucky,2020-04-01,1964802.00,431160,25852.00,6172,
23353,Kentucky,2020-04-01,2412828.00,448026,32483.00,6631,
25058,Kentucky,2020-04-01,2873282.00,460454,39592.00,7109,
26708,Kentucky,2020-04-01,3339388.00,466106,46861.00,7269,
28413,Kentucky,2020-04-01,3823107.00,483719,54239.00,7378,
1629,Louisiana,2020-04-01,6424.00,6424,275.00,275,
3279,Louisiana,2020-04-01,35178.00,28754,2245.00,1970,
4984,Louisiana,2020-04-01,75630.00,40452,5046.00,2801,
6634,Louisiana,2020-04-01,135916.00,60286,8284.00,3238,
8339,Louisiana,2020-04-01,252310.00,116394,12233.00,3949,
10044,Louisiana,2020-04-01,401893.00,149583,17217.00,4984,
11694,Louisiana,2020-04-01,569902.00,168009,22736.00,5519,
13399,Louisiana,2020-04-01,757622.00,187720,28662.00,5926,
15049,Louisiana,2020-04-01,995362.00,237740,35117.00,6455,
16754,Louisiana,2020-04-01,1310637.00,315275,42605.00,7488,
18459,Louisiana,2020-04-01,1712228.00,401591,51517.00,8912,
19999,Louisiana,2020-04-01,2142732.00,430504,61145.00,9628,
21704,Louisiana,2020-04-01,2588201.00,445469,71306.00,10161,
23354,Louisiana,2020-04-01,3046782.00,458581,81688.00,10382,
25059,Louisiana,2020-04-01,3518445.00,471663,92280.00,10592,
26709,Louisiana,2020-04-01,4000480.00,482035,103028.00,10748,
28414,Louisiana,2020-04-01,4542159.00,541679,114027.00,10999,
1630,Maine,2020-04-01,344.00,344,7.00,7,
3280,Maine,2020-04-01,1467.00,1123,62.00,55,
4985,Maine,2020-04-01,3816.00,2349,151.00,89,
6635,Maine,2020-04-01,7110.00,3294,256.00,105,
8340,Maine,2020-04-01,11047.00,3937,379.00,123,
10045,Maine,2020-04-01,15595.00,4548,511.00,132,
11695,Maine,2020-04-01,21026.00,5431,653.00,142,
13400,Maine,2020-04-01,27741.00,6715,800.00,147,
15050,Maine,2020-04-01,39717.00,11976,1014.00,214,
16755,Maine,2020-04-01,63918.00,24201,1361.00,347,
18460,Maine,2020-04-01,103461.00,39543,1956.00,595,
20000,Maine,2020-04-01,148223.00,44762,2659.00,703,
21705,Maine,2020-04-01,199011.00,50788,3403.00,744,
23355,Maine,2020-04-01,260627.00,61616,4192.00,789,
25060,Maine,2020-04-01,328446.00,67819,5017.00,825,
26710,Maine,2020-04-01,397500.00,69054,5876.00,859,
28415,Maine,2020-04-01,467963.00,70463,6776.00,900,
1631,Maryland,2020-04-01,1985.00,1985,33.00,33,
3281,Maryland,2020-04-01,25551.00,23566,1225.00,1192,
4986,Maryland,2020-04-01,79586.00,54035,3777.00,2552,
6636,Maryland,2020-04-01,148088.00,68502,6982.00,3205,
8341,Maryland,2020-04-01,238013.00,89925,10488.00,3506,
10046,Maryland,2020-04-01,347366.00,109353,14249.00,3761,
11696,Maryland,2020-04-01,473363.00,125997,18198.00,3949,
13401,Maryland,2020-04-01,619990.00,146627,22350.00,4152,
15051,Maryland,2020-04-01,821469.00,201479,27023.00,4673,
16756,Maryland,2020-04-01,1101856.00,280387,32965.00,5942,
18461,Maryland,2020-04-01,1457668.00,355812,40119.00,7154,
20001,Maryland,2020-04-01,1840552.00,382884,47998.00,7879,
21706,Maryland,2020-04-01,2253665.00,413113,56301.00,8303,
23356,Maryland,2020-04-01,2702194.00,448529,65065.00,8764,
25061,Maryland,2020-04-01,3162401.00,460207,74681.00,9616,
26711,Maryland,2020-04-01,3624972.00,462571,84425.00,9744,
28416,Maryland,2020-04-01,4094286.00,469314,94253.00,9828,
36,Massachusetts,2020-04-01,1.00,1,0.00,0,
245,Massachusetts,2020-04-01,2.00,1,0.00,0,
1632,Massachusetts,2020-04-01,7740.00,7738,122.00,122,
3282,Massachusetts,2020-04-01,72051.00,64311,3838.00,3716,
4987,Massachusetts,2020-04-01,172856.00,100805,10873.00,7035,
6637,Massachusetts,2020-04-01,281999.00,109143,18954.00,8081,
8342,Massachusetts,2020-04-01,400039.00,118040,27580.00,8626,
10047,Massachusetts,2020-04-01,528927.00,128888,36644.00,9064,
11697,Massachusetts,2020-04-01,661797.00,132870,46124.00,9480,
13402,Massachusetts,2020-04-01,821504.00,159707,56137.00,10013,
15052,Massachusetts,2020-04-01,1050709.00,229205,66915.00,10778,
16757,Massachusetts,2020-04-01,1425887.00,375178,79338.00,12423,
18462,Massachusetts,2020-04-01,1952310.00,526423,93945.00,14607,
20002,Massachusetts,2020-04-01,2534853.00,582543,110089.00,16144,
21707,Massachusetts,2020-04-01,3173192.00,638339,127306.00,17217,
23357,Massachusetts,2020-04-01,3863471.00,690279,144923.00,17617,
25062,Massachusetts,2020-04-01,4570602.00,707131,162806.00,17883,
26712,Massachusetts,2020-04-01,5280651.00,710049,180803.00,17997,
28417,Massachusetts,2020-04-01,6000431.00,719780,198885.00,18082,
1633,Michigan,2020-04-01,9292.00,9292,336.00,336,
3283,Michigan,2020-04-01,51640.00,42348,4202.00,3866,
4988,Michigan,2020-04-01,110075.00,58435,9727.00,5525,
6638,Michigan,2020-04-01,181354.00,71279,15929.00,6202,
8343,Michigan,2020-04-01,272804.00,91450,22389.00,6460,
10048,Michigan,2020-04-01,386773.00,113969,29159.00,6770,
11698,Michigan,2020-04-01,525837.00,139064,36262.00,7103,
13403,Michigan,2020-04-01,723338.00,197501,43962.00,7700,
15053,Michigan,2020-04-01,1117892.00,394554,53720.00,9758,
16758,Michigan,2020-04-01,1644737.00,526845,66731.00,13011,
18463,Michigan,2020-04-01,2255261.00,610524,82258.00,15527,
20003,Michigan,2020-04-01,2901763.00,646502,98767.00,16509,
21708,Michigan,2020-04-01,3653762.00,751999,115932.00,17165,
23358,Michigan,2020-04-01,4592039.00,938277,134815.00,18883,
25063,Michigan,2020-04-01,5583213.00,991174,155189.00,20374,
26713,Michigan,2020-04-01,6582060.00,998847,176187.00,20998,
28418,Michigan,2020-04-01,7591678.00,1009618,197360.00,21173,
1634,Minnesota,2020-04-01,689.00,689,17.00,17,
3284,Minnesota,2020-04-01,6419.00,5730,388.00,371,
4989,Minnesota,2020-04-01,31637.00,25218,1448.00,1060,
6639,Minnesota,2020-04-01,68390.00,36753,2930.00,1482,
8344,Minnesota,2020-04-01,123618.00,55228,4576.00,1646,
10049,Minnesota,2020-04-01,200022.00,76404,6448.00,1872,
11699,Minnesota,2020-04-01,300275.00,100253,8550.00,2102,
13404,Minnesota,2020-04-01,451001.00,150726,11079.00,2529,
15054,Minnesota,2020-04-01,773372.00,322371,14753.00,3674,
16759,Minnesota,2020-04-01,1188733.00,415361,20135.00,5382,
18464,Minnesota,2020-04-01,1651329.00,462596,26405.00,6270,
20004,Minnesota,2020-04-01,2136627.00,485298,32959.00,6554,
21709,Minnesota,2020-04-01,2658372.00,521745,39897.00,6938,
23359,Minnesota,2020-04-01,3235989.00,577617,47144.00,7247,
25064,Minnesota,2020-04-01,3837599.00,601610,54664.00,7520,
26714,Minnesota,2020-04-01,4443140.00,605541,62356.00,7692,
28419,Minnesota,2020-04-01,5055934.00,612794,70117.00,7761,
1635,Mississippi,2020-04-01,1073.00,1073,22.00,22,
3285,Mississippi,2020-04-01,8285.00,7212,303.00,281,
4990,Mississippi,2020-04-01,24037.00,15752,1042.00,739,
6640,Mississippi,2020-04-01,51937.00,27900,2124.00,1082,
8345,Mississippi,2020-04-01,111818.00,59881,3817.00,1693,
10050,Mississippi,2020-04-01,195402.00,83584,6310.00,2493,
11700,Mississippi,2020-04-01,294288.00,98886,9289.00,2979,
13405,Mississippi,2020-04-01,414788.00,120500,12637.00,3348,
15055,Mississippi,2020-04-01,569199.00,154411,16473.00,3836,
16760,Mississippi,2020-04-01,787585.00,218386,21289.00,4816,
18465,Mississippi,2020-04-01,1063291.00,275706,27345.00,6056,
20005,Mississippi,2020-04-01,1358285.00,294994,34026.00,6681,
21710,Mississippi,2020-04-01,1663702.00,305417,41074.00,7048,
23360,Mississippi,2020-04-01,1975602.00,311900,48273.00,7199,
25065,Mississippi,2020-04-01,2293357.00,317755,55591.00,7318,
26715,Mississippi,2020-04-01,2615301.00,321944,63006.00,7415,
28420,Mississippi,2020-04-01,2958806.00,343505,70549.00,7543,
1636,Missouri,2020-04-01,1580.00,1580,21.00,21,
3286,Missouri,2020-04-01,9420.00,7840,376.00,355,
4991,Missouri,2020-04-01,22943.00,13523,1162.00,786,
6641,Missouri,2020-04-01,45538.00,22595,2211.00,1049,
8346,Missouri,2020-04-01,97550.00,52012,3522.00,1311,
10051,Missouri,2020-04-01,184964.00,87414,5173.00,1651,
11701,Missouri,2020-04-01,316742.00,131778,7357.00,2184,
13406,Missouri,2020-04-01,508883.00,192141,10448.00,3091,
15056,Missouri,2020-04-01,826786.00,317903,14578.00,4130,
16761,Missouri,2020-04-01,1248003.00,421217,20484.00,5906,
18466,Missouri,2020-04-01,1749229.00,501226,27666.00,7182,
20006,Missouri,2020-04-01,2274435.00,525206,36051.00,8385,
21711,Missouri,2020-04-01,2863981.00,589546,45032.00,8981,
23361,Missouri,2020-04-01,3465842.00,601861,54282.00,9250,
25066,Missouri,2020-04-01,4081394.00,615552,63944.00,9662,
26716,Missouri,2020-04-01,4717514.00,636120,73868.00,9924,
28421,Missouri,2020-04-01,5414995.00,697481,84181.00,10313,
1637,Montana,2020-04-01,219.00,219,5.00,5,
3287,Montana,2020-04-01,671.00,452,21.00,16,
4992,Montana,2020-04-01,1190.00,519,38.00,17,
6642,Montana,2020-04-01,2206.00,1016,60.00,22,
8347,Montana,2020-04-01,6287.00,4081,121.00,61,
10052,Montana,2020-04-01,13813.00,7526,226.00,105,
11702,Montana,2020-04-01,27439.00,13626,407.00,181,
13407,Montana,2020-04-01,60934.00,33495,785.00,378,
15057,Montana,2020-04-01,124258.00,63324,1485.00,700,
16762,Montana,2020-04-01,205959.00,81701,2447.00,962,
18467,Montana,2020-04-01,300105.00,94146,3682.00,1235,
20007,Montana,2020-04-01,400220.00,100115,5040.00,1358,
21712,Montana,2020-04-01,505085.00,104865,6478.00,1438,
23362,Montana,2020-04-01,614146.00,109061,8052.00,1574,
25067,Montana,2020-04-01,726095.00,111949,9665.00,1613,
26717,Montana,2020-04-01,840023.00,113928,11331.00,1666,
28422,Montana,2020-04-01,956503.00,116480,13035.00,1704,
246,Nebraska,2020-04-01,13.00,13,0.00,0,
1638,Nebraska,2020-04-01,262.00,249,5.00,5,
3288,Nebraska,2020-04-01,5100.00,4838,77.00,72,
4993,Nebraska,2020-04-01,19445.00,14345,260.00,183,
6643,Nebraska,2020-04-01,38770.00,19325,542.00,282,
8348,Nebraska,2020-04-01,65161.00,26391,880.00,338,
10053,Nebraska,2020-04-01,99735.00,34574,1285.00,405,
11703,Nebraska,2020-04-01,145920.00,46185,1782.00,497,
13408,Nebraska,2020-04-01,217586.00,71666,2443.00,661,
15058,Nebraska,2020-04-01,348382.00,130796,3535.00,1092,
16763,Nebraska,2020-04-01,516949.00,168567,5242.00,1707,
18468,Nebraska,2020-04-01,709061.00,192112,7273.00,2031,
20008,Nebraska,2020-04-01,910617.00,201556,9478.00,2205,
21713,Nebraska,2020-04-01,1120772.00,210155,11760.00,2282,
23363,Nebraska,2020-04-01,1340804.00,220032,14126.00,2366,
25068,Nebraska,2020-04-01,1564600.00,223796,16623.00,2497,
26718,Nebraska,2020-04-01,1789402.00,224802,19143.00,2520,
28423,Nebraska,2020-04-01,2017852.00,228450,21693.00,2550,
1639,Nevada,2020-04-01,1279.00,1279,32.00,32,
3289,Nevada,2020-04-01,6528.00,5249,286.00,254,
4994,Nevada,2020-04-01,15229.00,8701,706.00,420,
6644,Nevada,2020-04-01,34380.00,19151,1218.00,512,
8349,Nevada,2020-04-01,83587.00,49207,2050.00,832,
10054,Nevada,2020-04-01,153295.00,69708,3363.00,1313,
11704,Nevada,2020-04-01,233802.00,80507,4966.00,1603,
13409,Nevada,2020-04-01,335396.00,101594,6749.00,1783,
15059,Nevada,2020-04-01,490708.00,155312,8931.00,2182,
16764,Nevada,2020-04-01,717754.00,227046,12077.00,3146,
18469,Nevada,2020-04-01,996982.00,279228,16358.00,4281,
20009,Nevada,2020-04-01,1291029.00,294047,21315.00,4957,
21714,Nevada,2020-04-01,1595160.00,304131,26571.00,5256,
23364,Nevada,2020-04-01,1910598.00,315438,32035.00,5464,
25069,Nevada,2020-04-01,2234860.00,324262,37625.00,5590,
26719,Nevada,2020-04-01,2569115.00,334255,43317.00,5692,
28424,Nevada,2020-04-01,2925516.00,356401,49229.00,5912,
1640,New Hampshire,2020-04-01,415.00,415,4.00,4,
3290,New Hampshire,2020-04-01,2725.00,2310,85.00,81,
4995,New Hampshire,2020-04-01,7410.00,4685,330.00,245,
6645,New Hampshire,2020-04-01,13212.00,5802,703.00,373,
8350,New Hampshire,2020-04-01,19825.00,6613,1119.00,416,
10055,New Hampshire,2020-04-01,27122.00,7297,1551.00,432,
11705,New Hampshire,2020-04-01,35439.00,8317,1992.00,441,
13410,New Hampshire,2020-04-01,46653.00,11214,2475.00,483,
15060,New Hampshire,2020-04-01,68419.00,21766,3003.00,528,
16765,New Hampshire,2020-04-01,112447.00,44028,3762.00,759,
18470,New Hampshire,2020-04-01,178505.00,66058,4821.00,1059,
20010,New Hampshire,2020-04-01,254093.00,75588,5991.00,1170,
21715,New Hampshire,2020-04-01,338632.00,84539,7236.00,1245,
23365,New Hampshire,2020-04-01,433795.00,95163,8540.00,1304,
25070,New Hampshire,2020-04-01,532562.00,98767,9893.00,1353,
26720,New Hampshire,2020-04-01,632089.00,99527,11265.00,1372,
28425,New Hampshire,2020-04-01,732746.00,100657,12652.00,1387,
1641,New Jersey,2020-04-01,22255.00,22255,355.00,355,
3291,New Jersey,2020-04-01,143445.00,121190,7893.00,7538,
4996,New Jersey,2020-04-01,304363.00,160918,19614.00,11721,
6646,New Jersey,2020-04-01,478145.00,173782,34692.00,15078,
8351,New Jersey,2020-04-01,662049.00,183904,50522.00,15830,
10056,New Jersey,2020-04-01,856119.00,194070,66472.00,15950,
11706,New Jersey,2020-04-01,1063795.00,207676,82599.00,16127,
13411,New Jersey,2020-04-01,1305217.00,241422,98953.00,16354,
15061,New Jersey,2020-04-01,1648956.00,343739,116036.00,17083,
16766,New Jersey,2020-04-01,2133838.00,484882,135196.00,19160,
18471,New Jersey,2020-04-01,2834184.00,700346,156709.00,21513,
20011,New Jersey,2020-04-01,3626680.00,792496,179982.00,23273,
21716,New Jersey,2020-04-01,4541100.00,914420,204573.00,24591,
23366,New Jersey,2020-04-01,5539911.00,998811,230161.00,25588,
25071,New Jersey,2020-04-01,6556401.00,1016490,256380.00,26219,
26721,New Jersey,2020-04-01,7580014.00,1023613,282843.00,26463,
28426,New Jersey,2020-04-01,8620295.00,1040281,309450.00,26607,
1642,New Mexico,2020-04-01,363.00,363,6.00,6,
3292,New Mexico,2020-04-01,3876.00,3513,137.00,131,
4997,New Mexico,2020-04-01,11676.00,7800,499.00,362,
6647,New Mexico,2020-04-01,23952.00,12276,999.00,500,
8352,New Mexico,2020-04-01,44748.00,20796,1650.00,651,
10057,New Mexico,2020-04-01,70208.00,25460,2437.00,787,
11707,New Mexico,2020-04-01,99869.00,29661,3319.00,882,
13412,New Mexico,2020-04-01,147101.00,47232,4345.00,1026,
15062,New Mexico,2020-04-01,246520.00,99419,5934.00,1589,
16767,New Mexico,2020-04-01,390662.00,144142,8438.00,2504,
18472,New Mexico,2020-04-01,565212.00,174550,11735.00,3297,
20012,New Mexico,2020-04-01,750509.00,185297,15466.00,3731,
21717,New Mexico,2020-04-01,942455.00,191946,19410.00,3944,
23367,New Mexico,2020-04-01,1140188.00,197733,23479.00,4069,
25072,New Mexico,2020-04-01,1343339.00,203151,27745.00,4266,
26722,New Mexico,2020-04-01,1548968.00,205629,32090.00,4345,
28427,New Mexico,2020-04-01,1759384.00,210416,36502.00,4412,
247,New York,2020-04-01,1.00,1,0.00,0,
1643,New York,2020-04-01,84365.00,84364,2415.00,2415,
3293,New York,2020-04-01,397940.00,313575,26256.00,23841,
4998,New York,2020-04-01,774460.00,376520,56022.00,29766,
6648,New York,2020-04-01,1173230.00,398770,87813.00,31791,
8353,New York,2020-04-01,1593707.00,420477,120203.00,32390,
10058,New York,2020-04-01,2033944.00,440237,152754.00,32551,
11708,New York,2020-04-01,2498696.00,464752,185522.00,32768,
13413,New York,2020-04-01,3013178.00,514482,218696.00,33174,
15063,New York,2020-04-01,3673219.00,660041,252918.00,34222,
16768,New York,2020-04-01,4669292.00,996073,290651.00,37733,
18473,New York,2020-04-01,6098388.00,1429096,334005.00,43354,
20013,New York,2020-04-01,7748948.00,1650560,381252.00,47247,
21718,New York,2020-04-01,9629716.00,1880768,431124.00,49872,
23368,New York,2020-04-01,11679890.00,2050174,482915.00,51791,
25073,New York,2020-04-01,13781001.00,2101111,535699.00,52784,
26723,New York,2020-04-01,15894545.00,2113544,588806.00,53107,
28428,New York,2020-04-01,18045580.00,2151035,642080.00,53274,
1644,North Carolina,2020-04-01,1591.00,1591,11.00,11,
3294,North Carolina,2020-04-01,12513.00,10922,416.00,405,
4999,North Carolina,2020-04-01,41881.00,29368,1339.00,923,
6649,North Carolina,2020-04-01,108696.00,66815,2728.00,1389,
8354,North Carolina,2020-04-01,232711.00,124015,4717.00,1989,
10059,North Carolina,2020-04-01,402677.00,169966,7486.00,2769,
11709,North Carolina,2020-04-01,615895.00,213218,11087.00,3601,
13414,North Carolina,2020-04-01,892601.00,276706,15492.00,4405,
15064,North Carolina,2020-04-01,1261216.00,368615,20814.00,5322,
16769,North Carolina,2020-04-01,1805192.00,543976,27633.00,6819,
18474,North Carolina,2020-04-01,2568550.00,763358,37030.00,9397,
20014,North Carolina,2020-04-01,3431430.00,862880,48316.00,11286,
21719,North Carolina,2020-04-01,4348904.00,917474,60476.00,12160,
23369,North Carolina,2020-04-01,5319577.00,970673,73153.00,12677,
25074,North Carolina,2020-04-01,6323370.00,1003793,86271.00,13118,
26724,North Carolina,2020-04-01,7338337.00,1014967,99718.00,13447,
28429,North Carolina,2020-04-01,8387625.00,1049288,113369.00,13651,
1645,North Dakota,2020-04-01,147.00,147,3.00,3,
3295,North Dakota,2020-04-01,1254.00,1107,26.00,23,
5000,North Dakota,2020-04-01,3882.00,2628,90.00,64,
6650,North Dakota,2020-04-01,7506.00,3624,179.00,89,
8355,North Dakota,2020-04-01,14112.00,6606,286.00,107,
10060,North Dakota,2020-04-01,26116.00,12004,435.00,149,
11710,North Dakota,2020-04-01,48337.00,22221,694.00,259,
13415,North Dakota,2020-04-01,93385.00,45048,1230.00,536,
15065,North Dakota,2020-04-01,173046.00,79661,2190.00,960,
1657,Utah,2020-04-01,1013.00,1012,7.00,7,
16770,North Dakota,2020-04-01,265823.00,92777,3506.00,1316,
18475,North Dakota,2020-04-01,363531.00,97708,4953.00,1447,
20015,North Dakota,2020-04-01,463413.00,99882,6428.00,1475,
21720,North Dakota,2020-04-01,566744.00,103331,7926.00,1498,
23370,North Dakota,2020-04-01,674414.00,107670,9451.00,1525,
25075,North Dakota,2020-04-01,784407.00,109993,10994.00,1543,
26725,North Dakota,2020-04-01,895156.00,110749,12553.00,1559,
28430,North Dakota,2020-04-01,1006861.00,111705,14123.00,1570,
1646,Northern Mariana Islands,2020-04-01,6.00,6,1.00,1,
3296,Northern Mariana Islands,2020-04-01,20.00,14,3.00,2,
5001,Northern Mariana Islands,2020-04-01,42.00,22,5.00,2,
6651,Northern Mariana Islands,2020-04-01,72.00,30,7.00,2,
8356,Northern Mariana Islands,2020-04-01,116.00,44,9.00,2,
10061,Northern Mariana Islands,2020-04-01,173.00,57,11.00,2,
11711,Northern Mariana Islands,2020-04-01,243.00,70,13.00,2,
13416,Northern Mariana Islands,2020-04-01,339.00,96,15.00,2,
15066,Northern Mariana Islands,2020-04-01,445.00,106,17.00,2,
16771,Northern Mariana Islands,2020-04-01,567.00,122,19.00,2,
18476,Northern Mariana Islands,2020-04-01,698.00,131,21.00,2,
20016,Northern Mariana Islands,2020-04-01,841.00,143,23.00,2,
21721,Northern Mariana Islands,2020-04-01,1000.00,159,25.00,2,
23371,Northern Mariana Islands,2020-04-01,1168.00,168,27.00,2,
25076,Northern Mariana Islands,2020-04-01,1351.00,183,29.00,2,
26726,Northern Mariana Islands,2020-04-01,1534.00,183,31.00,2,
28431,Northern Mariana Islands,2020-04-01,1730.00,196,33.00,2,
1647,Ohio,2020-04-01,2548.00,2548,65.00,65,
3297,Ohio,2020-04-01,21291.00,18743,1067.00,1002,
5002,Ohio,2020-04-01,57275.00,35984,3273.00,2206,
6652,Ohio,2020-04-01,110140.00,52865,6149.00,2876,
8357,Ohio,2020-04-01,202227.00,92087,9664.00,3515,
10062,Ohio,2020-04-01,326837.00,124610,13829.00,4165,
11712,Ohio,2020-04-01,482151.00,155314,18646.00,4817,
13417,Ohio,2020-04-01,701151.00,219000,23949.00,5303,
15067,Ohio,2020-04-01,1131244.00,430093,30497.00,6548,
16772,Ohio,2020-04-01,1831624.00,700380,39459.00,8962,
18477,Ohio,2020-04-01,2730703.00,899079,50692.00,11233,
20017,Ohio,2020-04-01,3699577.00,968874,68040.00,17348,
21722,Ohio,2020-04-01,4719618.00,1020041,86649.00,18609,
23372,Ohio,2020-04-01,5793637.00,1074019,105933.00,19284,
25077,Ohio,2020-04-01,6896193.00,1102556,125794.00,19861,
26727,Ohio,2020-04-01,8008096.00,1111903,146103.00,20309,
28432,Ohio,2020-04-01,9138230.00,1130134,166595.00,20492,
1648,Oklahoma,2020-04-01,719.00,719,30.00,30,
3298,Oklahoma,2020-04-01,4467.00,3748,260.00,230,
5003,Oklahoma,2020-04-01,11040.00,6573,594.00,334,
6653,Oklahoma,2020-04-01,25152.00,14112,983.00,389,
8358,Oklahoma,2020-04-01,62858.00,37706,1532.00,549,
10063,Oklahoma,2020-04-01,122257.00,59399,2341.00,809,
11713,Oklahoma,2020-04-01,210626.00,88369,3376.00,1035,
13418,Oklahoma,2020-04-01,334737.00,124111,4721.00,1345,
15068,Oklahoma,2020-04-01,534219.00,199482,6479.00,1758,
16773,Oklahoma,2020-04-01,825155.00,290936,8968.00,2489,
18478,Oklahoma,2020-04-01,1216023.00,390868,12532.00,3564,
20018,Oklahoma,2020-04-01,1640911.00,424888,17010.00,4478,
21723,Oklahoma,2020-04-01,2079688.00,438777,21963.00,4953,
23373,Oklahoma,2020-04-01,2527993.00,448305,28751.00,6788,
25078,Oklahoma,2020-04-01,2981236.00,453243,36042.00,7291,
26728,Oklahoma,2020-04-01,3439386.00,458150,43430.00,7388,
28433,Oklahoma,2020-04-01,3920021.00,480635,50915.00,7485,
248,Oregon,2020-04-01,2.00,2,0.00,0,
1649,Oregon,2020-04-01,739.00,737,19.00,19,
3299,Oregon,2020-04-01,3318.00,2579,123.00,104,
5004,Oregon,2020-04-01,7621.00,4303,277.00,154,
6654,Oregon,2020-04-01,16640.00,9019,488.00,211,
8359,Oregon,2020-04-01,35457.00,18817,817.00,329,
10064,Oregon,2020-04-01,62415.00,26958,1284.00,467,
11714,Oregon,2020-04-01,96280.00,33865,1845.00,561,
13419,Oregon,2020-04-01,141699.00,45419,2536.00,691,
15069,Oregon,2020-04-01,218354.00,76655,3474.00,938,
16774,Oregon,2020-04-01,333731.00,115377,4975.00,1501,
18479,Oregon,2020-04-01,477104.00,143373,6955.00,1980,
20019,Oregon,2020-04-01,632977.00,155873,9177.00,2222,
21724,Oregon,2020-04-01,798501.00,165524,11575.00,2398,
23374,Oregon,2020-04-01,984122.00,185621,14089.00,2514,
25079,Oregon,2020-04-01,1185823.00,201701,16792.00,2703,
26729,Oregon,2020-04-01,1394723.00,208900,19600.00,2808,
28434,Oregon,2020-04-01,1614478.00,219755,22486.00,2886,
1650,Pennsylvania,2020-04-01,5805.00,5805,78.00,78,
3300,Pennsylvania,2020-04-01,55569.00,49764,2749.00,2671,
5005,Pennsylvania,2020-04-01,132303.00,76734,8323.00,5574,
6655,Pennsylvania,2020-04-01,224167.00,91864,15027.00,6704,
8360,Pennsylvania,2020-04-01,341635.00,117468,22297.00,7270,
10065,Pennsylvania,2020-04-01,481226.00,139591,30061.00,7764,
11715,Pennsylvania,2020-04-01,646304.00,165078,38295.00,8234,
13420,Pennsylvania,2020-04-01,860804.00,214500,47183.00,8888,
15070,Pennsylvania,2020-04-01,1233492.00,372688,57797.00,10614,
16775,Pennsylvania,2020-04-01,1886444.00,652952,74044.00,16247,
18480,Pennsylvania,2020-04-01,2738355.00,851911,95785.00,21741,
20020,Pennsylvania,2020-04-01,3676663.00,938308,119850.00,24065,
21725,Pennsylvania,2020-04-01,4710926.00,1034263,145029.00,25179,
23375,Pennsylvania,2020-04-01,5869890.00,1158964,171336.00,26307,
25080,Pennsylvania,2020-04-01,7077486.00,1207596,198606.00,27270,
26730,Pennsylvania,2020-04-01,8294451.00,1216965,226290.00,27684,
28435,Pennsylvania,2020-04-01,9525275.00,1230824,254145.00,27855,
1651,Puerto Rico,2020-04-01,286.00,286,11.00,11,
3301,Puerto Rico,2020-04-01,1859.00,1573,105.00,94,
5006,Puerto Rico,2020-04-01,5732.00,3873,241.00,136,
6656,Puerto Rico,2020-04-01,13269.00,7537,394.00,153,
8361,Puerto Rico,2020-04-01,31141.00,17872,619.00,225,
10066,Puerto Rico,2020-04-01,64562.00,33421,1054.00,435,
11716,Puerto Rico,2020-04-01,113629.00,49067,1719.00,665,
13421,Puerto Rico,2020-04-01,180290.00,66661,2551.00,832,
15071,Puerto Rico,2020-04-01,267225.00,86935,3673.00,1122,
16776,Puerto Rico,2020-04-01,377894.00,110669,5194.00,1521,
18481,Puerto Rico,2020-04-01,505747.00,127853,7030.00,1836,
20021,Puerto Rico,2020-04-01,639946.00,134199,9067.00,2037,
21726,Puerto Rico,2020-04-01,781031.00,141085,11185.00,2118,
23376,Puerto Rico,2020-04-01,946602.00,165571,13495.00,2310,
25081,Puerto Rico,2020-04-01,1118974.00,172372,16000.00,2505,
26731,Puerto Rico,2020-04-01,1292647.00,173673,18549.00,2549,
28436,Puerto Rico,2020-04-01,1473248.00,180601,21129.00,2580,
249,Rhode Island,2020-04-01,2.00,2,0.00,0,
1652,Rhode Island,2020-04-01,568.00,566,10.00,10,
3302,Rhode Island,2020-04-01,9530.00,8962,289.00,279,
5007,Rhode Island,2020-04-01,24521.00,14991,1009.00,720,
6657,Rhode Island,2020-04-01,41374.00,16853,1965.00,956,
8362,Rhode Island,2020-04-01,60396.00,19022,2972.00,1007,
10067,Rhode Island,2020-04-01,82398.00,22002,4022.00,1050,
11717,Rhode Island,2020-04-01,107312.00,24914,5139.00,1117,
13422,Rhode Island,2020-04-01,140186.00,32874,6340.00,1201,
15072,Rhode Island,2020-04-01,198092.00,57906,7720.00,1380,
16777,Rhode Island,2020-04-01,286041.00,87949,9497.00,1777,
18482,Rhode Island,2020-04-01,401997.00,115956,11670.00,2173,
20022,Rhode Island,2020-04-01,528585.00,126588,14187.00,2517,
21727,Rhode Island,2020-04-01,666433.00,137848,16811.00,2624,
23377,Rhode Island,2020-04-01,814619.00,148186,19482.00,2671,
25082,Rhode Island,2020-04-01,966463.00,151844,22194.00,2712,
26732,Rhode Island,2020-04-01,1119081.00,152618,24924.00,2730,
28437,Rhode Island,2020-04-01,1273420.00,154339,27664.00,2740,
1653,South Carolina,2020-04-01,1293.00,1293,26.00,26,
3303,South Carolina,2020-04-01,7551.00,6258,282.00,256,
5008,South Carolina,2020-04-01,19699.00,12148,782.00,500,
6658,South Carolina,2020-04-01,57618.00,37919,1548.00,766,
8363,South Carolina,2020-04-01,148217.00,90599,3299.00,1751,
10068,South Carolina,2020-04-01,268063.00,119846,6056.00,2757,
11718,South Carolina,2020-04-01,416386.00,148323,9456.00,3400,
13423,South Carolina,2020-04-01,594409.00,178023,13392.00,3936,
15073,South Carolina,2020-04-01,813321.00,218912,17796.00,4404,
16778,South Carolina,2020-04-01,1120828.00,307507,23092.00,5296,
18483,South Carolina,2020-04-01,1566744.00,445916,30375.00,7283,
20023,South Carolina,2020-04-01,2084720.00,517976,38937.00,8562,
21728,South Carolina,2020-04-01,2637401.00,552681,48111.00,9174,
23378,South Carolina,2020-04-01,3216957.00,579556,57617.00,9506,
25083,South Carolina,2020-04-01,3810219.00,593262,67353.00,9736,
26733,South Carolina,2020-04-01,4407240.00,597021,77179.00,9826,
28438,South Carolina,2020-04-01,5024388.00,617148,87083.00,9904,
1654,South Dakota,2020-04-01,129.00,129,1.00,1,
3304,South Dakota,2020-04-01,2654.00,2525,22.00,21,
5009,South Dakota,2020-04-01,7688.00,5034,84.00,62,
6659,South Dakota,2020-04-01,14514.00,6826,177.00,93,
8364,South Dakota,2020-04-01,23381.00,8867,311.00,134,
10069,South Dakota,2020-04-01,37130.00,13749,478.00,167,
11719,South Dakota,2020-04-01,60266.00,23136,714.00,236,
13424,South Dakota,2020-04-01,107590.00,47324,1151.00,437,
15074,South Dakota,2020-04-01,188502.00,80912,2099.00,948,
16779,South Dakota,2020-04-01,287666.00,99164,3587.00,1488,
18484,South Dakota,2020-04-01,395981.00,108315,5365.00,1778,
20024,South Dakota,2020-04-01,508451.00,112470,7253.00,1888,
21729,South Dakota,2020-04-01,626440.00,117989,9191.00,1938,
23379,South Dakota,2020-04-01,749100.00,122660,11158.00,1967,
25084,South Dakota,2020-04-01,873291.00,124191,13172.00,2014,
26734,South Dakota,2020-04-01,997852.00,124561,15210.00,2038,
28439,South Dakota,2020-04-01,1123068.00,125216,17253.00,2043,
1655,Tennessee,2020-04-01,2689.00,2689,23.00,23,
3305,Tennessee,2020-04-01,14470.00,11781,228.00,205,
5010,Tennessee,2020-04-01,37712.00,23242,589.00,361,
6660,Tennessee,2020-04-01,82072.00,44360,1191.00,602,
8365,Tennessee,2020-04-01,187527.00,105455,2247.00,1056,
10070,Tennessee,2020-04-01,340801.00,153274,4000.00,1753,
11720,Tennessee,2020-04-01,535402.00,194601,6473.00,2473,
13425,Tennessee,2020-04-01,793060.00,257658,9795.00,3322,
15075,Tennessee,2020-04-01,1165040.00,371980,14379.00,4584,
16780,Tennessee,2020-04-01,1737619.00,572579,21225.00,6846,
18485,Tennessee,2020-04-01,2453058.00,715439,30885.00,9660,
20025,Tennessee,2020-04-01,3214949.00,761891,42212.00,11327,
21730,Tennessee,2020-04-01,4014175.00,799226,54021.00,11809,
23380,Tennessee,2020-04-01,4847081.00,832906,66121.00,12100,
25085,Tennessee,2020-04-01,5695633.00,848552,78477.00,12356,
26735,Tennessee,2020-04-01,6550063.00,854430,90949.00,12472,
28440,Tennessee,2020-04-01,7429921.00,879858,103587.00,12638,
250,Texas,2020-04-01,11.00,11,0.00,0,
1656,Texas,2020-04-01,4413.00,4402,65.00,65,
3306,Texas,2020-04-01,34755.00,30342,918.00,853,
5011,Texas,2020-04-01,100836.00,66081,2613.00,1695,
6661,Texas,2020-04-01,275662.00,174826,5131.00,2518,
8366,Texas,2020-04-01,723886.00,448224,12608.00,7477,
10071,Texas,2020-04-01,1369420.00,645534,25612.00,13004,
11721,Texas,2020-04-01,2157486.00,788066,41832.00,16220,
13426,Texas,2020-04-01,3115275.00,957789,60414.00,18582,
15076,Texas,2020-04-01,4390570.00,1275295,82618.00,22204,
16781,Texas,2020-04-01,6168876.00,1778306,111052.00,28434,
18486,Texas,2020-04-01,8581026.00,2412150,148457.00,37405,
20026,Texas,2020-04-01,11239415.00,2658389,192535.00,44078,
21731,Texas,2020-04-01,14033100.00,2793685,241186.00,48651,
23381,Texas,2020-04-01,16924364.00,2891264,291641.00,50455,
25086,Texas,2020-04-01,19872999.00,2948635,343330.00,51689,
26736,Texas,2020-04-01,22868273.00,2995274,395884.00,52554,
28441,Texas,2020-04-01,26003968.00,3135695,449304.00,53420,
3307,Utah,2020-04-01,5842.00,4829,53.00,46,
5012,Utah,2020-04-01,15868.00,10026,166.00,113,
6662,Utah,2020-04-01,38732.00,22864,339.00,173,
8367,Utah,2020-04-01,79486.00,40754,651.00,312,
10072,Utah,2020-04-01,131991.00,52505,1061.00,410,
11722,Utah,2020-04-01,206090.00,74099,1521.00,460,
13427,Utah,2020-04-01,322600.00,116510,2135.00,614,
15077,Utah,2020-04-01,520860.00,198260,3025.00,890,
16782,Utah,2020-04-01,797472.00,276612,4298.00,1273,
18487,Utah,2020-04-01,1144682.00,347210,5967.00,1669,
20027,Utah,2020-04-01,1516230.00,371548,7907.00,1940,
21732,Utah,2020-04-01,1902418.00,386188,10032.00,2125,
23382,Utah,2020-04-01,2300216.00,397798,12235.00,2203,
25087,Utah,2020-04-01,2706568.00,406352,14537.00,2302,
26737,Utah,2020-04-01,3122318.00,415750,16912.00,2375,
28442,Utah,2020-04-01,3554857.00,432539,19363.00,2451,
1658,Vermont,2020-04-01,321.00,321,16.00,16,
3308,Vermont,2020-04-01,1200.00,879,65.00,49,
5013,Vermont,2020-04-01,2183.00,983,120.00,55,
6663,Vermont,2020-04-01,3393.00,1210,176.00,56,
8368,Vermont,2020-04-01,4814.00,1421,233.00,57,
10073,Vermont,2020-04-01,6449.00,1635,291.00,58,
11723,Vermont,2020-04-01,8204.00,1755,349.00,58,
13428,Vermont,2020-04-01,10400.00,2196,407.00,58,
15078,Vermont,2020-04-01,14639.00,4239,479.00,72,
16783,Vermont,2020-04-01,22051.00,7412,615.00,136,
18488,Vermont,2020-04-01,34134.00,12083,790.00,175,
20028,Vermont,2020-04-01,49418.00,15284,995.00,205,
21733,Vermont,2020-04-01,68941.00,19523,1222.00,227,
23383,Vermont,2020-04-01,91973.00,23032,1469.00,247,
25088,Vermont,2020-04-01,116197.00,24224,1724.00,255,
26738,Vermont,2020-04-01,140609.00,24412,1981.00,257,
28443,Vermont,2020-04-01,165498.00,24889,2241.00,260,
1659,Virgin Islands,2020-04-01,30.00,30,0.00,0,
3309,Virgin Islands,2020-04-01,96.00,66,4.00,4,
5014,Virgin Islands,2020-04-01,166.00,70,10.00,6,
6664,Virgin Islands,2020-04-01,258.00,92,16.00,6,
8369,Virgin Islands,2020-04-01,679.00,421,24.00,8,
10074,Virgin Islands,2020-04-01,1822.00,1143,39.00,15,
11724,Virgin Islands,2020-04-01,3148.00,1326,59.00,20,
13429,Virgin Islands,2020-04-01,4524.00,1376,80.00,21,
15079,Virgin Islands,2020-04-01,6074.00,1550,103.00,23,
16784,Virgin Islands,2020-04-01,8110.00,2036,126.00,23,
18489,Virgin Islands,2020-04-01,10531.00,2421,150.00,24,
20029,Virgin Islands,2020-04-01,13177.00,2646,175.00,25,
21734,Virgin Islands,2020-04-01,16084.00,2907,201.00,26,
23384,Virgin Islands,2020-04-01,19209.00,3125,228.00,27,
25089,Virgin Islands,2020-04-01,22674.00,3465,255.00,27,
26739,Virgin Islands,2020-04-01,26569.00,3895,285.00,30,
28444,Virgin Islands,2020-04-01,31083.00,4514,321.00,36,
1660,Virginia,2020-04-01,1511.00,1511,18.00,18,
3310,Virginia,2020-04-01,18412.00,16901,599.00,581,
5015,Virginia,2020-04-01,63810.00,45398,1991.00,1392,
6665,Virginia,2020-04-01,127013.00,63203,3777.00,1786,
8370,Virginia,2020-04-01,217814.00,90801,5992.00,2215,
10075,Virginia,2020-04-01,339429.00,121615,8604.00,2612,
11725,Virginia,2020-04-01,488150.00,148721,11832.00,3228,
13430,Virginia,2020-04-01,670542.00,182392,15487.00,3655,
15080,Virginia,2020-04-01,910605.00,240063,19580.00,4093,
16785,Virginia,2020-04-01,1265371.00,354766,24661.00,5081,
18490,Virginia,2020-04-01,1773011.00,507640,31135.00,6474,
20030,Virginia,2020-04-01,2350185.00,577174,39918.00,8783,
21735,Virginia,2020-04-01,2970986.00,620801,50186.00,10268,
23385,Virginia,2020-04-01,3631539.00,660553,60963.00,10777,
25090,Virginia,2020-04-01,4307136.00,675597,72157.00,11194,
26740,Virginia,2020-04-01,4987700.00,680564,83576.00,11419,
28445,Virginia,2020-04-01,5682084.00,694384,95108.00,11532,
37,Washington,2020-04-01,1.00,1,0.00,0,
252,Washington,2020-04-01,18.00,17,3.00,3,
1661,Washington,2020-04-01,5607.00,5589,253.00,250,
3311,Washington,2020-04-01,20741.00,15134,1082.00,829,
5016,Washington,2020-04-01,44013.00,23272,2215.00,1133,
6666,Washington,2020-04-01,79271.00,35258,3555.00,1340,
8371,Washington,2020-04-01,138919.00,59648,5230.00,1675,
10076,Washington,2020-04-01,216980.00,78061,7248.00,2018,
11726,Washington,2020-04-01,309146.00,92166,9475.00,2227,
13431,Washington,2020-04-01,422255.00,113109,11943.00,2468,
15081,Washington,2020-04-01,597224.00,174969,14870.00,2927,
16786,Washington,2020-04-01,848809.00,251585,18393.00,3523,
18491,Washington,2020-04-01,1166512.00,317703,22797.00,4404,
20031,Washington,2020-04-01,1510235.00,343723,27835.00,5038,
21736,Washington,2020-04-01,1878284.00,368049,33151.00,5316,
23386,Washington,2020-04-01,2284830.00,406546,38698.00,5547,
25091,Washington,2020-04-01,2723748.00,438918,44531.00,5833,
26741,Washington,2020-04-01,3177835.00,454087,50523.00,5992,
28446,Washington,2020-04-01,3652355.00,474520,56688.00,6165,
1662,West Virginia,2020-04-01,191.00,191,2.00,2,
3312,West Virginia,2020-04-01,1343.00,1152,49.00,47,
5017,West Virginia,2020-04-01,3371.00,2028,125.00,76,
6667,West Virginia,2020-04-01,6350.00,2979,218.00,93,
8372,West Virginia,2020-04-01,13085.00,6735,334.00,116,
10077,West Virginia,2020-04-01,23592.00,10507,556.00,222,
11727,West Virginia,2020-04-01,39616.00,16024,910.00,354,
13432,West Virginia,2020-04-01,64499.00,24883,1367.00,457,
15082,West Virginia,2020-04-01,113317.00,48818,2125.00,758,
16787,West Virginia,2020-04-01,201137.00,87820,3486.00,1361,
18492,West Virginia,2020-04-01,322562.00,121425,5514.00,2028,
20032,West Virginia,2020-04-01,454610.00,132048,7814.00,2300,
21737,West Virginia,2020-04-01,596843.00,142233,10497.00,2683,
23387,West Virginia,2020-04-01,750341.00,153498,13176.00,2679,
25092,West Virginia,2020-04-01,912199.00,161858,15973.00,2797,
26742,West Virginia,2020-04-01,1076296.00,164097,18870.00,2897,
28447,West Virginia,2020-04-01,1243312.00,167016,21816.00,2946,
253,Wisconsin,2020-04-01,1.00,1,0.00,0,
1663,Wisconsin,2020-04-01,1553.00,1552,33.00,33,
3313,Wisconsin,2020-04-01,8992.00,7439,360.00,327,
5018,Wisconsin,2020-04-01,27817.00,18825,957.00,597,
6668,Wisconsin,2020-04-01,60124.00,32307,1751.00,794,
8373,Wisconsin,2020-04-01,118188.00,58064,2706.00,955,
10078,Wisconsin,2020-04-01,199876.00,81688,3847.00,1141,
11728,Wisconsin,2020-04-01,332052.00,132176,5205.00,1358,
13433,Wisconsin,2020-04-01,573475.00,241423,7315.00,2110,
15083,Wisconsin,2020-04-01,989840.00,416365,10943.00,3628,
16788,Wisconsin,2020-04-01,1512363.00,522523,16200.00,5257,
18493,Wisconsin,2020-04-01,2105284.00,592921,22639.00,6439,
20033,Wisconsin,2020-04-01,2722984.00,617700,29658.00,7019,
21738,Wisconsin,2020-04-01,3360101.00,637117,36985.00,7327,
23388,Wisconsin,2020-04-01,4021515.00,661414,44554.00,7569,
25093,Wisconsin,2020-04-01,4696208.00,674693,52429.00,7875,
26743,Wisconsin,2020-04-01,5374160.00,677952,60563.00,8134,
28448,Wisconsin,2020-04-01,6061542.00,687382,68853.00,8290,
1664,Wyoming,2020-04-01,138.00,138,0.00,0,
3314,Wyoming,2020-04-01,704.00,566,7.00,7,
5019,Wyoming,2020-04-01,1614.00,910,24.00,17,
6669,Wyoming,2020-04-01,3128.00,1514,44.00,20,
8374,Wyoming,2020-04-01,5897.00,2769,70.00,26,
10079,Wyoming,2020-04-01,9763.00,3866,111.00,41,
11729,Wyoming,2020-04-01,15846.00,6083,164.00,53,
13434,Wyoming,2020-04-01,29569.00,13723,251.00,87,
15084,Wyoming,2020-04-01,63374.00,33805,481.00,230,
16789,Wyoming,2020-04-01,107783.00,44409,919.00,438,
18494,Wyoming,2020-04-01,159840.00,52057,1515.00,596,
20034,Wyoming,2020-04-01,214311.00,54471,2186.00,671,
21739,Wyoming,2020-04-01,270700.00,56389,2886.00,700,
23389,Wyoming,2020-04-01,328842.00,58142,3593.00,707,
25094,Wyoming,2020-04-01,389206.00,60364,4313.00,720,
26744,Wyoming,2020-04-01,451559.00,62353,5060.00,747,
28449,Wyoming,2020-04-01,516686.00,65127,5836.00,776,
